"","IC","Model","N","J","TAU0","TAU1","G10","G20","p_choose"
"1","DIC",1,20,10,0.04,0.04,0.2,0.2,0.35
"2","WAIC",1,20,10,0.04,0.04,0.2,0.2,0.35
"3","LOO",1,20,10,0.04,0.04,0.2,0.2,0.33
"4","DIC",2,20,10,0.04,0.04,0.2,0.2,0.32
"5","WAIC",2,20,10,0.04,0.04,0.2,0.2,0.34
"6","LOO",2,20,10,0.04,0.04,0.2,0.2,0.41
"7","DIC",3,20,10,0.04,0.04,0.2,0.2,0.15
"8","WAIC",3,20,10,0.04,0.04,0.2,0.2,0.15
"9","LOO",3,20,10,0.04,0.04,0.2,0.2,0.12
"10","DIC",4,20,10,0.04,0.04,0.2,0.2,0.04
"11","WAIC",4,20,10,0.04,0.04,0.2,0.2,0.04
"12","LOO",4,20,10,0.04,0.04,0.2,0.2,0.03
"13","DIC",5,20,10,0.04,0.04,0.2,0.2,0.14
"14","WAIC",5,20,10,0.04,0.04,0.2,0.2,0.12
"15","LOO",5,20,10,0.04,0.04,0.2,0.2,0.11
"16","DIC",1,50,10,0.04,0.04,0.2,0.2,0.52
"17","WAIC",1,50,10,0.04,0.04,0.2,0.2,0.55
"18","LOO",1,50,10,0.04,0.04,0.2,0.2,0.56
"19","DIC",2,50,10,0.04,0.04,0.2,0.2,0.17
"20","WAIC",2,50,10,0.04,0.04,0.2,0.2,0.2
"21","LOO",2,50,10,0.04,0.04,0.2,0.2,0.24
"22","DIC",3,50,10,0.04,0.04,0.2,0.2,0.18
"23","WAIC",3,50,10,0.04,0.04,0.2,0.2,0.15
"24","LOO",3,50,10,0.04,0.04,0.2,0.2,0.11
"25","DIC",4,50,10,0.04,0.04,0.2,0.2,0
"26","WAIC",4,50,10,0.04,0.04,0.2,0.2,0
"27","LOO",4,50,10,0.04,0.04,0.2,0.2,0
"28","DIC",5,50,10,0.04,0.04,0.2,0.2,0.13
"29","WAIC",5,50,10,0.04,0.04,0.2,0.2,0.1
"30","LOO",5,50,10,0.04,0.04,0.2,0.2,0.09
"31","DIC",1,70,10,0.04,0.04,0.2,0.2,0.48
"32","WAIC",1,70,10,0.04,0.04,0.2,0.2,0.52
"33","LOO",1,70,10,0.04,0.04,0.2,0.2,0.55
"34","DIC",2,70,10,0.04,0.04,0.2,0.2,0.1
"35","WAIC",2,70,10,0.04,0.04,0.2,0.2,0.15
"36","LOO",2,70,10,0.04,0.04,0.2,0.2,0.18
"37","DIC",3,70,10,0.04,0.04,0.2,0.2,0.3
"38","WAIC",3,70,10,0.04,0.04,0.2,0.2,0.25
"39","LOO",3,70,10,0.04,0.04,0.2,0.2,0.2
"40","DIC",4,70,10,0.04,0.04,0.2,0.2,0
"41","WAIC",4,70,10,0.04,0.04,0.2,0.2,0
"42","LOO",4,70,10,0.04,0.04,0.2,0.2,0
"43","DIC",5,70,10,0.04,0.04,0.2,0.2,0.12
"44","WAIC",5,70,10,0.04,0.04,0.2,0.2,0.08
"45","LOO",5,70,10,0.04,0.04,0.2,0.2,0.07
"46","DIC",1,20,50,0.04,0.04,0.2,0.2,0.48
"47","WAIC",1,20,50,0.04,0.04,0.2,0.2,0.73
"48","LOO",1,20,50,0.04,0.04,0.2,0.2,0.74
"49","DIC",2,20,50,0.04,0.04,0.2,0.2,0.01
"50","WAIC",2,20,50,0.04,0.04,0.2,0.2,0.03
"51","LOO",2,20,50,0.04,0.04,0.2,0.2,0.03
"52","DIC",3,20,50,0.04,0.04,0.2,0.2,0.28
"53","WAIC",3,20,50,0.04,0.04,0.2,0.2,0.11
"54","LOO",3,20,50,0.04,0.04,0.2,0.2,0.1
"55","DIC",4,20,50,0.04,0.04,0.2,0.2,0
"56","WAIC",4,20,50,0.04,0.04,0.2,0.2,0
"57","LOO",4,20,50,0.04,0.04,0.2,0.2,0
"58","DIC",5,20,50,0.04,0.04,0.2,0.2,0.23
"59","WAIC",5,20,50,0.04,0.04,0.2,0.2,0.13
"60","LOO",5,20,50,0.04,0.04,0.2,0.2,0.13
"61","DIC",1,50,50,0.04,0.04,0.2,0.2,0.47
"62","WAIC",1,50,50,0.04,0.04,0.2,0.2,0.61
"63","LOO",1,50,50,0.04,0.04,0.2,0.2,0.64
"64","DIC",2,50,50,0.04,0.04,0.2,0.2,0
"65","WAIC",2,50,50,0.04,0.04,0.2,0.2,0
"66","LOO",2,50,50,0.04,0.04,0.2,0.2,0
"67","DIC",3,50,50,0.04,0.04,0.2,0.2,0.28
"68","WAIC",3,50,50,0.04,0.04,0.2,0.2,0.23
"69","LOO",3,50,50,0.04,0.04,0.2,0.2,0.21
"70","DIC",4,50,50,0.04,0.04,0.2,0.2,0
"71","WAIC",4,50,50,0.04,0.04,0.2,0.2,0
"72","LOO",4,50,50,0.04,0.04,0.2,0.2,0
"73","DIC",5,50,50,0.04,0.04,0.2,0.2,0.25
"74","WAIC",5,50,50,0.04,0.04,0.2,0.2,0.16
"75","LOO",5,50,50,0.04,0.04,0.2,0.2,0.15
"76","DIC",1,70,50,0.04,0.04,0.2,0.2,0.52
"77","WAIC",1,70,50,0.04,0.04,0.2,0.2,0.67
"78","LOO",1,70,50,0.04,0.04,0.2,0.2,0.67
"79","DIC",2,70,50,0.04,0.04,0.2,0.2,0
"80","WAIC",2,70,50,0.04,0.04,0.2,0.2,0
"81","LOO",2,70,50,0.04,0.04,0.2,0.2,0
"82","DIC",3,70,50,0.04,0.04,0.2,0.2,0.22
"83","WAIC",3,70,50,0.04,0.04,0.2,0.2,0.14
"84","LOO",3,70,50,0.04,0.04,0.2,0.2,0.13
"85","DIC",4,70,50,0.04,0.04,0.2,0.2,0
"86","WAIC",4,70,50,0.04,0.04,0.2,0.2,0
"87","LOO",4,70,50,0.04,0.04,0.2,0.2,0
"88","DIC",5,70,50,0.04,0.04,0.2,0.2,0.26
"89","WAIC",5,70,50,0.04,0.04,0.2,0.2,0.19
"90","LOO",5,70,50,0.04,0.04,0.2,0.2,0.2
"91","DIC",1,20,100,0.04,0.04,0.2,0.2,0.49
"92","WAIC",1,20,100,0.04,0.04,0.2,0.2,0.62
"93","LOO",1,20,100,0.04,0.04,0.2,0.2,0.63
"94","DIC",2,20,100,0.04,0.04,0.2,0.2,0
"95","WAIC",2,20,100,0.04,0.04,0.2,0.2,0
"96","LOO",2,20,100,0.04,0.04,0.2,0.2,0
"97","DIC",3,20,100,0.04,0.04,0.2,0.2,0.25
"98","WAIC",3,20,100,0.04,0.04,0.2,0.2,0.17
"99","LOO",3,20,100,0.04,0.04,0.2,0.2,0.15
"100","DIC",4,20,100,0.04,0.04,0.2,0.2,0
"101","WAIC",4,20,100,0.04,0.04,0.2,0.2,0
"102","LOO",4,20,100,0.04,0.04,0.2,0.2,0
"103","DIC",5,20,100,0.04,0.04,0.2,0.2,0.26
"104","WAIC",5,20,100,0.04,0.04,0.2,0.2,0.21
"105","LOO",5,20,100,0.04,0.04,0.2,0.2,0.22
"106","DIC",1,50,100,0.04,0.04,0.2,0.2,0.43
"107","WAIC",1,50,100,0.04,0.04,0.2,0.2,0.63
"108","LOO",1,50,100,0.04,0.04,0.2,0.2,0.64
"109","DIC",2,50,100,0.04,0.04,0.2,0.2,0
"110","WAIC",2,50,100,0.04,0.04,0.2,0.2,0
"111","LOO",2,50,100,0.04,0.04,0.2,0.2,0
"112","DIC",3,50,100,0.04,0.04,0.2,0.2,0.32
"113","WAIC",3,50,100,0.04,0.04,0.2,0.2,0.17
"114","LOO",3,50,100,0.04,0.04,0.2,0.2,0.16
"115","DIC",4,50,100,0.04,0.04,0.2,0.2,0
"116","WAIC",4,50,100,0.04,0.04,0.2,0.2,0
"117","LOO",4,50,100,0.04,0.04,0.2,0.2,0
"118","DIC",5,50,100,0.04,0.04,0.2,0.2,0.25
"119","WAIC",5,50,100,0.04,0.04,0.2,0.2,0.2
"120","LOO",5,50,100,0.04,0.04,0.2,0.2,0.2
"121","DIC",1,70,100,0.04,0.04,0.2,0.2,0.52
"122","WAIC",1,70,100,0.04,0.04,0.2,0.2,0.66
"123","LOO",1,70,100,0.04,0.04,0.2,0.2,0.71
"124","DIC",2,70,100,0.04,0.04,0.2,0.2,0
"125","WAIC",2,70,100,0.04,0.04,0.2,0.2,0
"126","LOO",2,70,100,0.04,0.04,0.2,0.2,0
"127","DIC",3,70,100,0.04,0.04,0.2,0.2,0.23
"128","WAIC",3,70,100,0.04,0.04,0.2,0.2,0.17
"129","LOO",3,70,100,0.04,0.04,0.2,0.2,0.13
"130","DIC",4,70,100,0.04,0.04,0.2,0.2,0
"131","WAIC",4,70,100,0.04,0.04,0.2,0.2,0
"132","LOO",4,70,100,0.04,0.04,0.2,0.2,0
"133","DIC",5,70,100,0.04,0.04,0.2,0.2,0.25
"134","WAIC",5,70,100,0.04,0.04,0.2,0.2,0.17
"135","LOO",5,70,100,0.04,0.04,0.2,0.2,0.16
"136","DIC",1,20,10,0.16,0.04,0.2,0.2,0.32
"137","WAIC",1,20,10,0.16,0.04,0.2,0.2,0.34
"138","LOO",1,20,10,0.16,0.04,0.2,0.2,0.33
"139","DIC",2,20,10,0.16,0.04,0.2,0.2,0.26
"140","WAIC",2,20,10,0.16,0.04,0.2,0.2,0.32
"141","LOO",2,20,10,0.16,0.04,0.2,0.2,0.37
"142","DIC",3,20,10,0.16,0.04,0.2,0.2,0.24
"143","WAIC",3,20,10,0.16,0.04,0.2,0.2,0.14
"144","LOO",3,20,10,0.16,0.04,0.2,0.2,0.12
"145","DIC",4,20,10,0.16,0.04,0.2,0.2,0.01
"146","WAIC",4,20,10,0.16,0.04,0.2,0.2,0.02
"147","LOO",4,20,10,0.16,0.04,0.2,0.2,0.02
"148","DIC",5,20,10,0.16,0.04,0.2,0.2,0.17
"149","WAIC",5,20,10,0.16,0.04,0.2,0.2,0.18
"150","LOO",5,20,10,0.16,0.04,0.2,0.2,0.16
"151","DIC",1,50,10,0.16,0.04,0.2,0.2,0.48
"152","WAIC",1,50,10,0.16,0.04,0.2,0.2,0.51
"153","LOO",1,50,10,0.16,0.04,0.2,0.2,0.53
"154","DIC",2,50,10,0.16,0.04,0.2,0.2,0.09
"155","WAIC",2,50,10,0.16,0.04,0.2,0.2,0.12
"156","LOO",2,50,10,0.16,0.04,0.2,0.2,0.19
"157","DIC",3,50,10,0.16,0.04,0.2,0.2,0.29
"158","WAIC",3,50,10,0.16,0.04,0.2,0.2,0.19
"159","LOO",3,50,10,0.16,0.04,0.2,0.2,0.11
"160","DIC",4,50,10,0.16,0.04,0.2,0.2,0
"161","WAIC",4,50,10,0.16,0.04,0.2,0.2,0
"162","LOO",4,50,10,0.16,0.04,0.2,0.2,0
"163","DIC",5,50,10,0.16,0.04,0.2,0.2,0.14
"164","WAIC",5,50,10,0.16,0.04,0.2,0.2,0.18
"165","LOO",5,50,10,0.16,0.04,0.2,0.2,0.17
"166","DIC",1,70,10,0.16,0.04,0.2,0.2,0.42
"167","WAIC",1,70,10,0.16,0.04,0.2,0.2,0.41
"168","LOO",1,70,10,0.16,0.04,0.2,0.2,0.42
"169","DIC",2,70,10,0.16,0.04,0.2,0.2,0.1
"170","WAIC",2,70,10,0.16,0.04,0.2,0.2,0.13
"171","LOO",2,70,10,0.16,0.04,0.2,0.2,0.19
"172","DIC",3,70,10,0.16,0.04,0.2,0.2,0.34
"173","WAIC",3,70,10,0.16,0.04,0.2,0.2,0.3
"174","LOO",3,70,10,0.16,0.04,0.2,0.2,0.22
"175","DIC",4,70,10,0.16,0.04,0.2,0.2,0
"176","WAIC",4,70,10,0.16,0.04,0.2,0.2,0
"177","LOO",4,70,10,0.16,0.04,0.2,0.2,0
"178","DIC",5,70,10,0.16,0.04,0.2,0.2,0.14
"179","WAIC",5,70,10,0.16,0.04,0.2,0.2,0.16
"180","LOO",5,70,10,0.16,0.04,0.2,0.2,0.17
"181","DIC",1,20,50,0.16,0.04,0.2,0.2,0.53
"182","WAIC",1,20,50,0.16,0.04,0.2,0.2,0.66
"183","LOO",1,20,50,0.16,0.04,0.2,0.2,0.66
"184","DIC",2,20,50,0.16,0.04,0.2,0.2,0.01
"185","WAIC",2,20,50,0.16,0.04,0.2,0.2,0.01
"186","LOO",2,20,50,0.16,0.04,0.2,0.2,0.01
"187","DIC",3,20,50,0.16,0.04,0.2,0.2,0.3
"188","WAIC",3,20,50,0.16,0.04,0.2,0.2,0.17
"189","LOO",3,20,50,0.16,0.04,0.2,0.2,0.17
"190","DIC",4,20,50,0.16,0.04,0.2,0.2,0
"191","WAIC",4,20,50,0.16,0.04,0.2,0.2,0
"192","LOO",4,20,50,0.16,0.04,0.2,0.2,0
"193","DIC",5,20,50,0.16,0.04,0.2,0.2,0.16
"194","WAIC",5,20,50,0.16,0.04,0.2,0.2,0.16
"195","LOO",5,20,50,0.16,0.04,0.2,0.2,0.16
"196","DIC",1,50,50,0.16,0.04,0.2,0.2,0.45
"197","WAIC",1,50,50,0.16,0.04,0.2,0.2,0.71
"198","LOO",1,50,50,0.16,0.04,0.2,0.2,0.72
"199","DIC",2,50,50,0.16,0.04,0.2,0.2,0
"200","WAIC",2,50,50,0.16,0.04,0.2,0.2,0
"201","LOO",2,50,50,0.16,0.04,0.2,0.2,0
"202","DIC",3,50,50,0.16,0.04,0.2,0.2,0.33
"203","WAIC",3,50,50,0.16,0.04,0.2,0.2,0.17
"204","LOO",3,50,50,0.16,0.04,0.2,0.2,0.16
"205","DIC",4,50,50,0.16,0.04,0.2,0.2,0
"206","WAIC",4,50,50,0.16,0.04,0.2,0.2,0
"207","LOO",4,50,50,0.16,0.04,0.2,0.2,0
"208","DIC",5,50,50,0.16,0.04,0.2,0.2,0.22
"209","WAIC",5,50,50,0.16,0.04,0.2,0.2,0.12
"210","LOO",5,50,50,0.16,0.04,0.2,0.2,0.12
"211","DIC",1,70,50,0.16,0.04,0.2,0.2,0.5
"212","WAIC",1,70,50,0.16,0.04,0.2,0.2,0.63
"213","LOO",1,70,50,0.16,0.04,0.2,0.2,0.65
"214","DIC",2,70,50,0.16,0.04,0.2,0.2,0
"215","WAIC",2,70,50,0.16,0.04,0.2,0.2,0
"216","LOO",2,70,50,0.16,0.04,0.2,0.2,0
"217","DIC",3,70,50,0.16,0.04,0.2,0.2,0.25
"218","WAIC",3,70,50,0.16,0.04,0.2,0.2,0.22
"219","LOO",3,70,50,0.16,0.04,0.2,0.2,0.2
"220","DIC",4,70,50,0.16,0.04,0.2,0.2,0
"221","WAIC",4,70,50,0.16,0.04,0.2,0.2,0
"222","LOO",4,70,50,0.16,0.04,0.2,0.2,0
"223","DIC",5,70,50,0.16,0.04,0.2,0.2,0.25
"224","WAIC",5,70,50,0.16,0.04,0.2,0.2,0.15
"225","LOO",5,70,50,0.16,0.04,0.2,0.2,0.15
"226","DIC",1,20,100,0.16,0.04,0.2,0.2,0.52
"227","WAIC",1,20,100,0.16,0.04,0.2,0.2,0.76
"228","LOO",1,20,100,0.16,0.04,0.2,0.2,0.77
"229","DIC",2,20,100,0.16,0.04,0.2,0.2,0
"230","WAIC",2,20,100,0.16,0.04,0.2,0.2,0
"231","LOO",2,20,100,0.16,0.04,0.2,0.2,0
"232","DIC",3,20,100,0.16,0.04,0.2,0.2,0.24
"233","WAIC",3,20,100,0.16,0.04,0.2,0.2,0.11
"234","LOO",3,20,100,0.16,0.04,0.2,0.2,0.1
"235","DIC",4,20,100,0.16,0.04,0.2,0.2,0
"236","WAIC",4,20,100,0.16,0.04,0.2,0.2,0
"237","LOO",4,20,100,0.16,0.04,0.2,0.2,0
"238","DIC",5,20,100,0.16,0.04,0.2,0.2,0.24
"239","WAIC",5,20,100,0.16,0.04,0.2,0.2,0.13
"240","LOO",5,20,100,0.16,0.04,0.2,0.2,0.13
"241","DIC",1,50,100,0.16,0.04,0.2,0.2,0.41
"242","WAIC",1,50,100,0.16,0.04,0.2,0.2,0.64
"243","LOO",1,50,100,0.16,0.04,0.2,0.2,0.65
"244","DIC",2,50,100,0.16,0.04,0.2,0.2,0
"245","WAIC",2,50,100,0.16,0.04,0.2,0.2,0
"246","LOO",2,50,100,0.16,0.04,0.2,0.2,0
"247","DIC",3,50,100,0.16,0.04,0.2,0.2,0.32
"248","WAIC",3,50,100,0.16,0.04,0.2,0.2,0.21
"249","LOO",3,50,100,0.16,0.04,0.2,0.2,0.2
"250","DIC",4,50,100,0.16,0.04,0.2,0.2,0
"251","WAIC",4,50,100,0.16,0.04,0.2,0.2,0
"252","LOO",4,50,100,0.16,0.04,0.2,0.2,0
"253","DIC",5,50,100,0.16,0.04,0.2,0.2,0.27
"254","WAIC",5,50,100,0.16,0.04,0.2,0.2,0.15
"255","LOO",5,50,100,0.16,0.04,0.2,0.2,0.15
"256","DIC",1,70,100,0.16,0.04,0.2,0.2,0.43
"257","WAIC",1,70,100,0.16,0.04,0.2,0.2,0.64
"258","LOO",1,70,100,0.16,0.04,0.2,0.2,0.64
"259","DIC",2,70,100,0.16,0.04,0.2,0.2,0
"260","WAIC",2,70,100,0.16,0.04,0.2,0.2,0
"261","LOO",2,70,100,0.16,0.04,0.2,0.2,0
"262","DIC",3,70,100,0.16,0.04,0.2,0.2,0.26
"263","WAIC",3,70,100,0.16,0.04,0.2,0.2,0.16
"264","LOO",3,70,100,0.16,0.04,0.2,0.2,0.16
"265","DIC",4,70,100,0.16,0.04,0.2,0.2,0
"266","WAIC",4,70,100,0.16,0.04,0.2,0.2,0
"267","LOO",4,70,100,0.16,0.04,0.2,0.2,0
"268","DIC",5,70,100,0.16,0.04,0.2,0.2,0.31
"269","WAIC",5,70,100,0.16,0.04,0.2,0.2,0.2
"270","LOO",5,70,100,0.16,0.04,0.2,0.2,0.2
"271","DIC",1,20,10,0.04,0.16,0.2,0.2,0.47
"272","WAIC",1,20,10,0.04,0.16,0.2,0.2,0.52
"273","LOO",1,20,10,0.04,0.16,0.2,0.2,0.6
"274","DIC",2,20,10,0.04,0.16,0.2,0.2,0.01
"275","WAIC",2,20,10,0.04,0.16,0.2,0.2,0.03
"276","LOO",2,20,10,0.04,0.16,0.2,0.2,0.03
"277","DIC",3,20,10,0.04,0.16,0.2,0.2,0.28
"278","WAIC",3,20,10,0.04,0.16,0.2,0.2,0.24
"279","LOO",3,20,10,0.04,0.16,0.2,0.2,0.18
"280","DIC",4,20,10,0.04,0.16,0.2,0.2,0.06
"281","WAIC",4,20,10,0.04,0.16,0.2,0.2,0.07
"282","LOO",4,20,10,0.04,0.16,0.2,0.2,0.08
"283","DIC",5,20,10,0.04,0.16,0.2,0.2,0.18
"284","WAIC",5,20,10,0.04,0.16,0.2,0.2,0.14
"285","LOO",5,20,10,0.04,0.16,0.2,0.2,0.11
"286","DIC",1,50,10,0.04,0.16,0.2,0.2,0.55
"287","WAIC",1,50,10,0.04,0.16,0.2,0.2,0.53
"288","LOO",1,50,10,0.04,0.16,0.2,0.2,0.6
"289","DIC",2,50,10,0.04,0.16,0.2,0.2,0
"290","WAIC",2,50,10,0.04,0.16,0.2,0.2,0
"291","LOO",2,50,10,0.04,0.16,0.2,0.2,0
"292","DIC",3,50,10,0.04,0.16,0.2,0.2,0.25
"293","WAIC",3,50,10,0.04,0.16,0.2,0.2,0.28
"294","LOO",3,50,10,0.04,0.16,0.2,0.2,0.19
"295","DIC",4,50,10,0.04,0.16,0.2,0.2,0
"296","WAIC",4,50,10,0.04,0.16,0.2,0.2,0
"297","LOO",4,50,10,0.04,0.16,0.2,0.2,0
"298","DIC",5,50,10,0.04,0.16,0.2,0.2,0.2
"299","WAIC",5,50,10,0.04,0.16,0.2,0.2,0.19
"300","LOO",5,50,10,0.04,0.16,0.2,0.2,0.21
"301","DIC",1,70,10,0.04,0.16,0.2,0.2,0.44
"302","WAIC",1,70,10,0.04,0.16,0.2,0.2,0.58
"303","LOO",1,70,10,0.04,0.16,0.2,0.2,0.62
"304","DIC",2,70,10,0.04,0.16,0.2,0.2,0
"305","WAIC",2,70,10,0.04,0.16,0.2,0.2,0
"306","LOO",2,70,10,0.04,0.16,0.2,0.2,0
"307","DIC",3,70,10,0.04,0.16,0.2,0.2,0.35
"308","WAIC",3,70,10,0.04,0.16,0.2,0.2,0.29
"309","LOO",3,70,10,0.04,0.16,0.2,0.2,0.22
"310","DIC",4,70,10,0.04,0.16,0.2,0.2,0
"311","WAIC",4,70,10,0.04,0.16,0.2,0.2,0
"312","LOO",4,70,10,0.04,0.16,0.2,0.2,0
"313","DIC",5,70,10,0.04,0.16,0.2,0.2,0.21
"314","WAIC",5,70,10,0.04,0.16,0.2,0.2,0.13
"315","LOO",5,70,10,0.04,0.16,0.2,0.2,0.16
"316","DIC",1,20,50,0.04,0.16,0.2,0.2,0.59
"317","WAIC",1,20,50,0.04,0.16,0.2,0.2,0.74
"318","LOO",1,20,50,0.04,0.16,0.2,0.2,0.75
"319","DIC",2,20,50,0.04,0.16,0.2,0.2,0
"320","WAIC",2,20,50,0.04,0.16,0.2,0.2,0
"321","LOO",2,20,50,0.04,0.16,0.2,0.2,0
"322","DIC",3,20,50,0.04,0.16,0.2,0.2,0.19
"323","WAIC",3,20,50,0.04,0.16,0.2,0.2,0.14
"324","LOO",3,20,50,0.04,0.16,0.2,0.2,0.13
"325","DIC",4,20,50,0.04,0.16,0.2,0.2,0
"326","WAIC",4,20,50,0.04,0.16,0.2,0.2,0
"327","LOO",4,20,50,0.04,0.16,0.2,0.2,0
"328","DIC",5,20,50,0.04,0.16,0.2,0.2,0.22
"329","WAIC",5,20,50,0.04,0.16,0.2,0.2,0.12
"330","LOO",5,20,50,0.04,0.16,0.2,0.2,0.12
"331","DIC",1,50,50,0.04,0.16,0.2,0.2,0.48
"332","WAIC",1,50,50,0.04,0.16,0.2,0.2,0.62
"333","LOO",1,50,50,0.04,0.16,0.2,0.2,0.65
"334","DIC",2,50,50,0.04,0.16,0.2,0.2,0
"335","WAIC",2,50,50,0.04,0.16,0.2,0.2,0
"336","LOO",2,50,50,0.04,0.16,0.2,0.2,0
"337","DIC",3,50,50,0.04,0.16,0.2,0.2,0.29
"338","WAIC",3,50,50,0.04,0.16,0.2,0.2,0.21
"339","LOO",3,50,50,0.04,0.16,0.2,0.2,0.19
"340","DIC",4,50,50,0.04,0.16,0.2,0.2,0
"341","WAIC",4,50,50,0.04,0.16,0.2,0.2,0
"342","LOO",4,50,50,0.04,0.16,0.2,0.2,0
"343","DIC",5,50,50,0.04,0.16,0.2,0.2,0.23
"344","WAIC",5,50,50,0.04,0.16,0.2,0.2,0.17
"345","LOO",5,50,50,0.04,0.16,0.2,0.2,0.16
"346","DIC",1,70,50,0.04,0.16,0.2,0.2,0.49
"347","WAIC",1,70,50,0.04,0.16,0.2,0.2,0.65
"348","LOO",1,70,50,0.04,0.16,0.2,0.2,0.66
"349","DIC",2,70,50,0.04,0.16,0.2,0.2,0
"350","WAIC",2,70,50,0.04,0.16,0.2,0.2,0
"351","LOO",2,70,50,0.04,0.16,0.2,0.2,0
"352","DIC",3,70,50,0.04,0.16,0.2,0.2,0.25
"353","WAIC",3,70,50,0.04,0.16,0.2,0.2,0.17
"354","LOO",3,70,50,0.04,0.16,0.2,0.2,0.16
"355","DIC",4,70,50,0.04,0.16,0.2,0.2,0
"356","WAIC",4,70,50,0.04,0.16,0.2,0.2,0
"357","LOO",4,70,50,0.04,0.16,0.2,0.2,0
"358","DIC",5,70,50,0.04,0.16,0.2,0.2,0.26
"359","WAIC",5,70,50,0.04,0.16,0.2,0.2,0.18
"360","LOO",5,70,50,0.04,0.16,0.2,0.2,0.18
"361","DIC",1,20,100,0.04,0.16,0.2,0.2,0.46
"362","WAIC",1,20,100,0.04,0.16,0.2,0.2,0.66
"363","LOO",1,20,100,0.04,0.16,0.2,0.2,0.66
"364","DIC",2,20,100,0.04,0.16,0.2,0.2,0
"365","WAIC",2,20,100,0.04,0.16,0.2,0.2,0
"366","LOO",2,20,100,0.04,0.16,0.2,0.2,0
"367","DIC",3,20,100,0.04,0.16,0.2,0.2,0.31
"368","WAIC",3,20,100,0.04,0.16,0.2,0.2,0.19
"369","LOO",3,20,100,0.04,0.16,0.2,0.2,0.19
"370","DIC",4,20,100,0.04,0.16,0.2,0.2,0
"371","WAIC",4,20,100,0.04,0.16,0.2,0.2,0
"372","LOO",4,20,100,0.04,0.16,0.2,0.2,0
"373","DIC",5,20,100,0.04,0.16,0.2,0.2,0.23
"374","WAIC",5,20,100,0.04,0.16,0.2,0.2,0.15
"375","LOO",5,20,100,0.04,0.16,0.2,0.2,0.15
"376","DIC",1,50,100,0.04,0.16,0.2,0.2,0.49
"377","WAIC",1,50,100,0.04,0.16,0.2,0.2,0.67
"378","LOO",1,50,100,0.04,0.16,0.2,0.2,0.68
"379","DIC",2,50,100,0.04,0.16,0.2,0.2,0
"380","WAIC",2,50,100,0.04,0.16,0.2,0.2,0
"381","LOO",2,50,100,0.04,0.16,0.2,0.2,0
"382","DIC",3,50,100,0.04,0.16,0.2,0.2,0.22
"383","WAIC",3,50,100,0.04,0.16,0.2,0.2,0.09
"384","LOO",3,50,100,0.04,0.16,0.2,0.2,0.09
"385","DIC",4,50,100,0.04,0.16,0.2,0.2,0
"386","WAIC",4,50,100,0.04,0.16,0.2,0.2,0
"387","LOO",4,50,100,0.04,0.16,0.2,0.2,0
"388","DIC",5,50,100,0.04,0.16,0.2,0.2,0.29
"389","WAIC",5,50,100,0.04,0.16,0.2,0.2,0.24
"390","LOO",5,50,100,0.04,0.16,0.2,0.2,0.23
"391","DIC",1,70,100,0.04,0.16,0.2,0.2,0.41
"392","WAIC",1,70,100,0.04,0.16,0.2,0.2,0.68
"393","LOO",1,70,100,0.04,0.16,0.2,0.2,0.71
"394","DIC",2,70,100,0.04,0.16,0.2,0.2,0
"395","WAIC",2,70,100,0.04,0.16,0.2,0.2,0
"396","LOO",2,70,100,0.04,0.16,0.2,0.2,0
"397","DIC",3,70,100,0.04,0.16,0.2,0.2,0.35
"398","WAIC",3,70,100,0.04,0.16,0.2,0.2,0.18
"399","LOO",3,70,100,0.04,0.16,0.2,0.2,0.16
"400","DIC",4,70,100,0.04,0.16,0.2,0.2,0
"401","WAIC",4,70,100,0.04,0.16,0.2,0.2,0
"402","LOO",4,70,100,0.04,0.16,0.2,0.2,0
"403","DIC",5,70,100,0.04,0.16,0.2,0.2,0.24
"404","WAIC",5,70,100,0.04,0.16,0.2,0.2,0.14
"405","LOO",5,70,100,0.04,0.16,0.2,0.2,0.13
"406","DIC",1,20,10,0.16,0.16,0.2,0.2,0.58
"407","WAIC",1,20,10,0.16,0.16,0.2,0.2,0.58
"408","LOO",1,20,10,0.16,0.16,0.2,0.2,0.68
"409","DIC",2,20,10,0.16,0.16,0.2,0.2,0.01
"410","WAIC",2,20,10,0.16,0.16,0.2,0.2,0.01
"411","LOO",2,20,10,0.16,0.16,0.2,0.2,0.01
"412","DIC",3,20,10,0.16,0.16,0.2,0.2,0.26
"413","WAIC",3,20,10,0.16,0.16,0.2,0.2,0.25
"414","LOO",3,20,10,0.16,0.16,0.2,0.2,0.14
"415","DIC",4,20,10,0.16,0.16,0.2,0.2,0
"416","WAIC",4,20,10,0.16,0.16,0.2,0.2,0
"417","LOO",4,20,10,0.16,0.16,0.2,0.2,0.01
"418","DIC",5,20,10,0.16,0.16,0.2,0.2,0.15
"419","WAIC",5,20,10,0.16,0.16,0.2,0.2,0.16
"420","LOO",5,20,10,0.16,0.16,0.2,0.2,0.16
"421","DIC",1,50,10,0.16,0.16,0.2,0.2,0.49
"422","WAIC",1,50,10,0.16,0.16,0.2,0.2,0.5
"423","LOO",1,50,10,0.16,0.16,0.2,0.2,0.62
"424","DIC",2,50,10,0.16,0.16,0.2,0.2,0
"425","WAIC",2,50,10,0.16,0.16,0.2,0.2,0
"426","LOO",2,50,10,0.16,0.16,0.2,0.2,0
"427","DIC",3,50,10,0.16,0.16,0.2,0.2,0.3
"428","WAIC",3,50,10,0.16,0.16,0.2,0.2,0.29
"429","LOO",3,50,10,0.16,0.16,0.2,0.2,0.18
"430","DIC",4,50,10,0.16,0.16,0.2,0.2,0
"431","WAIC",4,50,10,0.16,0.16,0.2,0.2,0
"432","LOO",4,50,10,0.16,0.16,0.2,0.2,0
"433","DIC",5,50,10,0.16,0.16,0.2,0.2,0.21
"434","WAIC",5,50,10,0.16,0.16,0.2,0.2,0.21
"435","LOO",5,50,10,0.16,0.16,0.2,0.2,0.2
"436","DIC",1,70,10,0.16,0.16,0.2,0.2,0.56
"437","WAIC",1,70,10,0.16,0.16,0.2,0.2,0.59
"438","LOO",1,70,10,0.16,0.16,0.2,0.2,0.66
"439","DIC",2,70,10,0.16,0.16,0.2,0.2,0
"440","WAIC",2,70,10,0.16,0.16,0.2,0.2,0
"441","LOO",2,70,10,0.16,0.16,0.2,0.2,0
"442","DIC",3,70,10,0.16,0.16,0.2,0.2,0.2
"443","WAIC",3,70,10,0.16,0.16,0.2,0.2,0.21
"444","LOO",3,70,10,0.16,0.16,0.2,0.2,0.13
"445","DIC",4,70,10,0.16,0.16,0.2,0.2,0
"446","WAIC",4,70,10,0.16,0.16,0.2,0.2,0
"447","LOO",4,70,10,0.16,0.16,0.2,0.2,0
"448","DIC",5,70,10,0.16,0.16,0.2,0.2,0.24
"449","WAIC",5,70,10,0.16,0.16,0.2,0.2,0.2
"450","LOO",5,70,10,0.16,0.16,0.2,0.2,0.21
"451","DIC",1,20,50,0.16,0.16,0.2,0.2,0.51
"452","WAIC",1,20,50,0.16,0.16,0.2,0.2,0.7
"453","LOO",1,20,50,0.16,0.16,0.2,0.2,0.7
"454","DIC",2,20,50,0.16,0.16,0.2,0.2,0
"455","WAIC",2,20,50,0.16,0.16,0.2,0.2,0
"456","LOO",2,20,50,0.16,0.16,0.2,0.2,0
"457","DIC",3,20,50,0.16,0.16,0.2,0.2,0.25
"458","WAIC",3,20,50,0.16,0.16,0.2,0.2,0.16
"459","LOO",3,20,50,0.16,0.16,0.2,0.2,0.16
"460","DIC",4,20,50,0.16,0.16,0.2,0.2,0
"461","WAIC",4,20,50,0.16,0.16,0.2,0.2,0
"462","LOO",4,20,50,0.16,0.16,0.2,0.2,0
"463","DIC",5,20,50,0.16,0.16,0.2,0.2,0.24
"464","WAIC",5,20,50,0.16,0.16,0.2,0.2,0.14
"465","LOO",5,20,50,0.16,0.16,0.2,0.2,0.14
"466","DIC",1,50,50,0.16,0.16,0.2,0.2,0.48
"467","WAIC",1,50,50,0.16,0.16,0.2,0.2,0.71
"468","LOO",1,50,50,0.16,0.16,0.2,0.2,0.71
"469","DIC",2,50,50,0.16,0.16,0.2,0.2,0
"470","WAIC",2,50,50,0.16,0.16,0.2,0.2,0
"471","LOO",2,50,50,0.16,0.16,0.2,0.2,0
"472","DIC",3,50,50,0.16,0.16,0.2,0.2,0.21
"473","WAIC",3,50,50,0.16,0.16,0.2,0.2,0.12
"474","LOO",3,50,50,0.16,0.16,0.2,0.2,0.11
"475","DIC",4,50,50,0.16,0.16,0.2,0.2,0
"476","WAIC",4,50,50,0.16,0.16,0.2,0.2,0
"477","LOO",4,50,50,0.16,0.16,0.2,0.2,0
"478","DIC",5,50,50,0.16,0.16,0.2,0.2,0.31
"479","WAIC",5,50,50,0.16,0.16,0.2,0.2,0.17
"480","LOO",5,50,50,0.16,0.16,0.2,0.2,0.18
"481","DIC",1,70,50,0.16,0.16,0.2,0.2,0.49
"482","WAIC",1,70,50,0.16,0.16,0.2,0.2,0.6
"483","LOO",1,70,50,0.16,0.16,0.2,0.2,0.61
"484","DIC",2,70,50,0.16,0.16,0.2,0.2,0
"485","WAIC",2,70,50,0.16,0.16,0.2,0.2,0
"486","LOO",2,70,50,0.16,0.16,0.2,0.2,0
"487","DIC",3,70,50,0.16,0.16,0.2,0.2,0.2
"488","WAIC",3,70,50,0.16,0.16,0.2,0.2,0.15
"489","LOO",3,70,50,0.16,0.16,0.2,0.2,0.15
"490","DIC",4,70,50,0.16,0.16,0.2,0.2,0
"491","WAIC",4,70,50,0.16,0.16,0.2,0.2,0
"492","LOO",4,70,50,0.16,0.16,0.2,0.2,0
"493","DIC",5,70,50,0.16,0.16,0.2,0.2,0.31
"494","WAIC",5,70,50,0.16,0.16,0.2,0.2,0.25
"495","LOO",5,70,50,0.16,0.16,0.2,0.2,0.24
"496","DIC",1,20,100,0.16,0.16,0.2,0.2,0.55
"497","WAIC",1,20,100,0.16,0.16,0.2,0.2,0.72
"498","LOO",1,20,100,0.16,0.16,0.2,0.2,0.73
"499","DIC",2,20,100,0.16,0.16,0.2,0.2,0
"500","WAIC",2,20,100,0.16,0.16,0.2,0.2,0
"501","LOO",2,20,100,0.16,0.16,0.2,0.2,0
"502","DIC",3,20,100,0.16,0.16,0.2,0.2,0.21
"503","WAIC",3,20,100,0.16,0.16,0.2,0.2,0.14
"504","LOO",3,20,100,0.16,0.16,0.2,0.2,0.13
"505","DIC",4,20,100,0.16,0.16,0.2,0.2,0
"506","WAIC",4,20,100,0.16,0.16,0.2,0.2,0
"507","LOO",4,20,100,0.16,0.16,0.2,0.2,0
"508","DIC",5,20,100,0.16,0.16,0.2,0.2,0.24
"509","WAIC",5,20,100,0.16,0.16,0.2,0.2,0.14
"510","LOO",5,20,100,0.16,0.16,0.2,0.2,0.14
"511","DIC",1,50,100,0.16,0.16,0.2,0.2,0.42
"512","WAIC",1,50,100,0.16,0.16,0.2,0.2,0.62
"513","LOO",1,50,100,0.16,0.16,0.2,0.2,0.63
"514","DIC",2,50,100,0.16,0.16,0.2,0.2,0
"515","WAIC",2,50,100,0.16,0.16,0.2,0.2,0
"516","LOO",2,50,100,0.16,0.16,0.2,0.2,0
"517","DIC",3,50,100,0.16,0.16,0.2,0.2,0.29
"518","WAIC",3,50,100,0.16,0.16,0.2,0.2,0.16
"519","LOO",3,50,100,0.16,0.16,0.2,0.2,0.16
"520","DIC",4,50,100,0.16,0.16,0.2,0.2,0
"521","WAIC",4,50,100,0.16,0.16,0.2,0.2,0
"522","LOO",4,50,100,0.16,0.16,0.2,0.2,0
"523","DIC",5,50,100,0.16,0.16,0.2,0.2,0.29
"524","WAIC",5,50,100,0.16,0.16,0.2,0.2,0.22
"525","LOO",5,50,100,0.16,0.16,0.2,0.2,0.21
"526","DIC",1,70,100,0.16,0.16,0.2,0.2,0.46
"527","WAIC",1,70,100,0.16,0.16,0.2,0.2,0.58
"528","LOO",1,70,100,0.16,0.16,0.2,0.2,0.59
"529","DIC",2,70,100,0.16,0.16,0.2,0.2,0
"530","WAIC",2,70,100,0.16,0.16,0.2,0.2,0
"531","LOO",2,70,100,0.16,0.16,0.2,0.2,0
"532","DIC",3,70,100,0.16,0.16,0.2,0.2,0.26
"533","WAIC",3,70,100,0.16,0.16,0.2,0.2,0.12
"534","LOO",3,70,100,0.16,0.16,0.2,0.2,0.11
"535","DIC",4,70,100,0.16,0.16,0.2,0.2,0
"536","WAIC",4,70,100,0.16,0.16,0.2,0.2,0
"537","LOO",4,70,100,0.16,0.16,0.2,0.2,0
"538","DIC",5,70,100,0.16,0.16,0.2,0.2,0.28
"539","WAIC",5,70,100,0.16,0.16,0.2,0.2,0.3
"540","LOO",5,70,100,0.16,0.16,0.2,0.2,0.3
"541","DIC",1,20,10,0.04,0.04,0.4,0.2,0.43
"542","WAIC",1,20,10,0.04,0.04,0.4,0.2,0.35
"543","LOO",1,20,10,0.04,0.04,0.4,0.2,0.33
"544","DIC",2,20,10,0.04,0.04,0.4,0.2,0.24
"545","WAIC",2,20,10,0.04,0.04,0.4,0.2,0.35
"546","LOO",2,20,10,0.04,0.04,0.4,0.2,0.4
"547","DIC",3,20,10,0.04,0.04,0.4,0.2,0.18
"548","WAIC",3,20,10,0.04,0.04,0.4,0.2,0.15
"549","LOO",3,20,10,0.04,0.04,0.4,0.2,0.12
"550","DIC",4,20,10,0.04,0.04,0.4,0.2,0
"551","WAIC",4,20,10,0.04,0.04,0.4,0.2,0
"552","LOO",4,20,10,0.04,0.04,0.4,0.2,0
"553","DIC",5,20,10,0.04,0.04,0.4,0.2,0.15
"554","WAIC",5,20,10,0.04,0.04,0.4,0.2,0.15
"555","LOO",5,20,10,0.04,0.04,0.4,0.2,0.15
"556","DIC",1,50,10,0.04,0.04,0.4,0.2,0.46
"557","WAIC",1,50,10,0.04,0.04,0.4,0.2,0.42
"558","LOO",1,50,10,0.04,0.04,0.4,0.2,0.45
"559","DIC",2,50,10,0.04,0.04,0.4,0.2,0.09
"560","WAIC",2,50,10,0.04,0.04,0.4,0.2,0.12
"561","LOO",2,50,10,0.04,0.04,0.4,0.2,0.17
"562","DIC",3,50,10,0.04,0.04,0.4,0.2,0.28
"563","WAIC",3,50,10,0.04,0.04,0.4,0.2,0.31
"564","LOO",3,50,10,0.04,0.04,0.4,0.2,0.22
"565","DIC",4,50,10,0.04,0.04,0.4,0.2,0
"566","WAIC",4,50,10,0.04,0.04,0.4,0.2,0
"567","LOO",4,50,10,0.04,0.04,0.4,0.2,0
"568","DIC",5,50,10,0.04,0.04,0.4,0.2,0.17
"569","WAIC",5,50,10,0.04,0.04,0.4,0.2,0.15
"570","LOO",5,50,10,0.04,0.04,0.4,0.2,0.16
"571","DIC",1,70,10,0.04,0.04,0.4,0.2,0.42
"572","WAIC",1,70,10,0.04,0.04,0.4,0.2,0.5
"573","LOO",1,70,10,0.04,0.04,0.4,0.2,0.53
"574","DIC",2,70,10,0.04,0.04,0.4,0.2,0.04
"575","WAIC",2,70,10,0.04,0.04,0.4,0.2,0.05
"576","LOO",2,70,10,0.04,0.04,0.4,0.2,0.08
"577","DIC",3,70,10,0.04,0.04,0.4,0.2,0.3
"578","WAIC",3,70,10,0.04,0.04,0.4,0.2,0.27
"579","LOO",3,70,10,0.04,0.04,0.4,0.2,0.22
"580","DIC",4,70,10,0.04,0.04,0.4,0.2,0
"581","WAIC",4,70,10,0.04,0.04,0.4,0.2,0
"582","LOO",4,70,10,0.04,0.04,0.4,0.2,0
"583","DIC",5,70,10,0.04,0.04,0.4,0.2,0.24
"584","WAIC",5,70,10,0.04,0.04,0.4,0.2,0.18
"585","LOO",5,70,10,0.04,0.04,0.4,0.2,0.17
"586","DIC",1,20,50,0.04,0.04,0.4,0.2,0.57
"587","WAIC",1,20,50,0.04,0.04,0.4,0.2,0.64
"588","LOO",1,20,50,0.04,0.04,0.4,0.2,0.68
"589","DIC",2,20,50,0.04,0.04,0.4,0.2,0.01
"590","WAIC",2,20,50,0.04,0.04,0.4,0.2,0
"591","LOO",2,20,50,0.04,0.04,0.4,0.2,0
"592","DIC",3,20,50,0.04,0.04,0.4,0.2,0.21
"593","WAIC",3,20,50,0.04,0.04,0.4,0.2,0.21
"594","LOO",3,20,50,0.04,0.04,0.4,0.2,0.17
"595","DIC",4,20,50,0.04,0.04,0.4,0.2,0
"596","WAIC",4,20,50,0.04,0.04,0.4,0.2,0
"597","LOO",4,20,50,0.04,0.04,0.4,0.2,0
"598","DIC",5,20,50,0.04,0.04,0.4,0.2,0.21
"599","WAIC",5,20,50,0.04,0.04,0.4,0.2,0.15
"600","LOO",5,20,50,0.04,0.04,0.4,0.2,0.15
"601","DIC",1,50,50,0.04,0.04,0.4,0.2,0.5
"602","WAIC",1,50,50,0.04,0.04,0.4,0.2,0.71
"603","LOO",1,50,50,0.04,0.04,0.4,0.2,0.71
"604","DIC",2,50,50,0.04,0.04,0.4,0.2,0
"605","WAIC",2,50,50,0.04,0.04,0.4,0.2,0
"606","LOO",2,50,50,0.04,0.04,0.4,0.2,0
"607","DIC",3,50,50,0.04,0.04,0.4,0.2,0.22
"608","WAIC",3,50,50,0.04,0.04,0.4,0.2,0.11
"609","LOO",3,50,50,0.04,0.04,0.4,0.2,0.11
"610","DIC",4,50,50,0.04,0.04,0.4,0.2,0
"611","WAIC",4,50,50,0.04,0.04,0.4,0.2,0
"612","LOO",4,50,50,0.04,0.04,0.4,0.2,0
"613","DIC",5,50,50,0.04,0.04,0.4,0.2,0.28
"614","WAIC",5,50,50,0.04,0.04,0.4,0.2,0.18
"615","LOO",5,50,50,0.04,0.04,0.4,0.2,0.18
"616","DIC",1,70,50,0.04,0.04,0.4,0.2,0.43
"617","WAIC",1,70,50,0.04,0.04,0.4,0.2,0.63
"618","LOO",1,70,50,0.04,0.04,0.4,0.2,0.64
"619","DIC",2,70,50,0.04,0.04,0.4,0.2,0
"620","WAIC",2,70,50,0.04,0.04,0.4,0.2,0
"621","LOO",2,70,50,0.04,0.04,0.4,0.2,0
"622","DIC",3,70,50,0.04,0.04,0.4,0.2,0.31
"623","WAIC",3,70,50,0.04,0.04,0.4,0.2,0.17
"624","LOO",3,70,50,0.04,0.04,0.4,0.2,0.15
"625","DIC",4,70,50,0.04,0.04,0.4,0.2,0
"626","WAIC",4,70,50,0.04,0.04,0.4,0.2,0
"627","LOO",4,70,50,0.04,0.04,0.4,0.2,0
"628","DIC",5,70,50,0.04,0.04,0.4,0.2,0.26
"629","WAIC",5,70,50,0.04,0.04,0.4,0.2,0.2
"630","LOO",5,70,50,0.04,0.04,0.4,0.2,0.21
"631","DIC",1,20,100,0.04,0.04,0.4,0.2,0.6
"632","WAIC",1,20,100,0.04,0.04,0.4,0.2,0.75
"633","LOO",1,20,100,0.04,0.04,0.4,0.2,0.76
"634","DIC",2,20,100,0.04,0.04,0.4,0.2,0
"635","WAIC",2,20,100,0.04,0.04,0.4,0.2,0
"636","LOO",2,20,100,0.04,0.04,0.4,0.2,0
"637","DIC",3,20,100,0.04,0.04,0.4,0.2,0.18
"638","WAIC",3,20,100,0.04,0.04,0.4,0.2,0.1
"639","LOO",3,20,100,0.04,0.04,0.4,0.2,0.09
"640","DIC",4,20,100,0.04,0.04,0.4,0.2,0
"641","WAIC",4,20,100,0.04,0.04,0.4,0.2,0
"642","LOO",4,20,100,0.04,0.04,0.4,0.2,0
"643","DIC",5,20,100,0.04,0.04,0.4,0.2,0.22
"644","WAIC",5,20,100,0.04,0.04,0.4,0.2,0.15
"645","LOO",5,20,100,0.04,0.04,0.4,0.2,0.15
"646","DIC",1,50,100,0.04,0.04,0.4,0.2,0.43
"647","WAIC",1,50,100,0.04,0.04,0.4,0.2,0.73
"648","LOO",1,50,100,0.04,0.04,0.4,0.2,0.73
"649","DIC",2,50,100,0.04,0.04,0.4,0.2,0
"650","WAIC",2,50,100,0.04,0.04,0.4,0.2,0
"651","LOO",2,50,100,0.04,0.04,0.4,0.2,0
"652","DIC",3,50,100,0.04,0.04,0.4,0.2,0.25
"653","WAIC",3,50,100,0.04,0.04,0.4,0.2,0.09
"654","LOO",3,50,100,0.04,0.04,0.4,0.2,0.09
"655","DIC",4,50,100,0.04,0.04,0.4,0.2,0
"656","WAIC",4,50,100,0.04,0.04,0.4,0.2,0
"657","LOO",4,50,100,0.04,0.04,0.4,0.2,0
"658","DIC",5,50,100,0.04,0.04,0.4,0.2,0.32
"659","WAIC",5,50,100,0.04,0.04,0.4,0.2,0.18
"660","LOO",5,50,100,0.04,0.04,0.4,0.2,0.18
"661","DIC",1,70,100,0.04,0.04,0.4,0.2,0.41
"662","WAIC",1,70,100,0.04,0.04,0.4,0.2,0.59
"663","LOO",1,70,100,0.04,0.04,0.4,0.2,0.6
"664","DIC",2,70,100,0.04,0.04,0.4,0.2,0
"665","WAIC",2,70,100,0.04,0.04,0.4,0.2,0
"666","LOO",2,70,100,0.04,0.04,0.4,0.2,0
"667","DIC",3,70,100,0.04,0.04,0.4,0.2,0.28
"668","WAIC",3,70,100,0.04,0.04,0.4,0.2,0.22
"669","LOO",3,70,100,0.04,0.04,0.4,0.2,0.22
"670","DIC",4,70,100,0.04,0.04,0.4,0.2,0
"671","WAIC",4,70,100,0.04,0.04,0.4,0.2,0
"672","LOO",4,70,100,0.04,0.04,0.4,0.2,0
"673","DIC",5,70,100,0.04,0.04,0.4,0.2,0.31
"674","WAIC",5,70,100,0.04,0.04,0.4,0.2,0.19
"675","LOO",5,70,100,0.04,0.04,0.4,0.2,0.18
"676","DIC",1,20,10,0.16,0.04,0.4,0.2,0.4
"677","WAIC",1,20,10,0.16,0.04,0.4,0.2,0.43
"678","LOO",1,20,10,0.16,0.04,0.4,0.2,0.42
"679","DIC",2,20,10,0.16,0.04,0.4,0.2,0.23
"680","WAIC",2,20,10,0.16,0.04,0.4,0.2,0.28
"681","LOO",2,20,10,0.16,0.04,0.4,0.2,0.37
"682","DIC",3,20,10,0.16,0.04,0.4,0.2,0.23
"683","WAIC",3,20,10,0.16,0.04,0.4,0.2,0.17
"684","LOO",3,20,10,0.16,0.04,0.4,0.2,0.11
"685","DIC",4,20,10,0.16,0.04,0.4,0.2,0
"686","WAIC",4,20,10,0.16,0.04,0.4,0.2,0.01
"687","LOO",4,20,10,0.16,0.04,0.4,0.2,0.01
"688","DIC",5,20,10,0.16,0.04,0.4,0.2,0.14
"689","WAIC",5,20,10,0.16,0.04,0.4,0.2,0.11
"690","LOO",5,20,10,0.16,0.04,0.4,0.2,0.09
"691","DIC",1,50,10,0.16,0.04,0.4,0.2,0.35
"692","WAIC",1,50,10,0.16,0.04,0.4,0.2,0.37
"693","LOO",1,50,10,0.16,0.04,0.4,0.2,0.37
"694","DIC",2,50,10,0.16,0.04,0.4,0.2,0.09
"695","WAIC",2,50,10,0.16,0.04,0.4,0.2,0.15
"696","LOO",2,50,10,0.16,0.04,0.4,0.2,0.21
"697","DIC",3,50,10,0.16,0.04,0.4,0.2,0.37
"698","WAIC",3,50,10,0.16,0.04,0.4,0.2,0.3
"699","LOO",3,50,10,0.16,0.04,0.4,0.2,0.24
"700","DIC",4,50,10,0.16,0.04,0.4,0.2,0
"701","WAIC",4,50,10,0.16,0.04,0.4,0.2,0
"702","LOO",4,50,10,0.16,0.04,0.4,0.2,0
"703","DIC",5,50,10,0.16,0.04,0.4,0.2,0.19
"704","WAIC",5,50,10,0.16,0.04,0.4,0.2,0.18
"705","LOO",5,50,10,0.16,0.04,0.4,0.2,0.18
"706","DIC",1,70,10,0.16,0.04,0.4,0.2,0.49
"707","WAIC",1,70,10,0.16,0.04,0.4,0.2,0.59
"708","LOO",1,70,10,0.16,0.04,0.4,0.2,0.62
"709","DIC",2,70,10,0.16,0.04,0.4,0.2,0.01
"710","WAIC",2,70,10,0.16,0.04,0.4,0.2,0.01
"711","LOO",2,70,10,0.16,0.04,0.4,0.2,0.06
"712","DIC",3,70,10,0.16,0.04,0.4,0.2,0.37
"713","WAIC",3,70,10,0.16,0.04,0.4,0.2,0.25
"714","LOO",3,70,10,0.16,0.04,0.4,0.2,0.18
"715","DIC",4,70,10,0.16,0.04,0.4,0.2,0
"716","WAIC",4,70,10,0.16,0.04,0.4,0.2,0
"717","LOO",4,70,10,0.16,0.04,0.4,0.2,0
"718","DIC",5,70,10,0.16,0.04,0.4,0.2,0.13
"719","WAIC",5,70,10,0.16,0.04,0.4,0.2,0.15
"720","LOO",5,70,10,0.16,0.04,0.4,0.2,0.14
"721","DIC",1,20,50,0.16,0.04,0.4,0.2,0.53
"722","WAIC",1,20,50,0.16,0.04,0.4,0.2,0.7
"723","LOO",1,20,50,0.16,0.04,0.4,0.2,0.71
"724","DIC",2,20,50,0.16,0.04,0.4,0.2,0
"725","WAIC",2,20,50,0.16,0.04,0.4,0.2,0
"726","LOO",2,20,50,0.16,0.04,0.4,0.2,0
"727","DIC",3,20,50,0.16,0.04,0.4,0.2,0.24
"728","WAIC",3,20,50,0.16,0.04,0.4,0.2,0.15
"729","LOO",3,20,50,0.16,0.04,0.4,0.2,0.14
"730","DIC",4,20,50,0.16,0.04,0.4,0.2,0
"731","WAIC",4,20,50,0.16,0.04,0.4,0.2,0
"732","LOO",4,20,50,0.16,0.04,0.4,0.2,0
"733","DIC",5,20,50,0.16,0.04,0.4,0.2,0.23
"734","WAIC",5,20,50,0.16,0.04,0.4,0.2,0.15
"735","LOO",5,20,50,0.16,0.04,0.4,0.2,0.15
"736","DIC",1,50,50,0.16,0.04,0.4,0.2,0.45
"737","WAIC",1,50,50,0.16,0.04,0.4,0.2,0.61
"738","LOO",1,50,50,0.16,0.04,0.4,0.2,0.64
"739","DIC",2,50,50,0.16,0.04,0.4,0.2,0
"740","WAIC",2,50,50,0.16,0.04,0.4,0.2,0
"741","LOO",2,50,50,0.16,0.04,0.4,0.2,0
"742","DIC",3,50,50,0.16,0.04,0.4,0.2,0.28
"743","WAIC",3,50,50,0.16,0.04,0.4,0.2,0.17
"744","LOO",3,50,50,0.16,0.04,0.4,0.2,0.16
"745","DIC",4,50,50,0.16,0.04,0.4,0.2,0
"746","WAIC",4,50,50,0.16,0.04,0.4,0.2,0
"747","LOO",4,50,50,0.16,0.04,0.4,0.2,0
"748","DIC",5,50,50,0.16,0.04,0.4,0.2,0.27
"749","WAIC",5,50,50,0.16,0.04,0.4,0.2,0.22
"750","LOO",5,50,50,0.16,0.04,0.4,0.2,0.2
"751","DIC",1,70,50,0.16,0.04,0.4,0.2,0.49
"752","WAIC",1,70,50,0.16,0.04,0.4,0.2,0.68
"753","LOO",1,70,50,0.16,0.04,0.4,0.2,0.68
"754","DIC",2,70,50,0.16,0.04,0.4,0.2,0
"755","WAIC",2,70,50,0.16,0.04,0.4,0.2,0
"756","LOO",2,70,50,0.16,0.04,0.4,0.2,0
"757","DIC",3,70,50,0.16,0.04,0.4,0.2,0.18
"758","WAIC",3,70,50,0.16,0.04,0.4,0.2,0.17
"759","LOO",3,70,50,0.16,0.04,0.4,0.2,0.17
"760","DIC",4,70,50,0.16,0.04,0.4,0.2,0
"761","WAIC",4,70,50,0.16,0.04,0.4,0.2,0
"762","LOO",4,70,50,0.16,0.04,0.4,0.2,0
"763","DIC",5,70,50,0.16,0.04,0.4,0.2,0.33
"764","WAIC",5,70,50,0.16,0.04,0.4,0.2,0.15
"765","LOO",5,70,50,0.16,0.04,0.4,0.2,0.15
"766","DIC",1,20,100,0.16,0.04,0.4,0.2,0.52
"767","WAIC",1,20,100,0.16,0.04,0.4,0.2,0.69
"768","LOO",1,20,100,0.16,0.04,0.4,0.2,0.7
"769","DIC",2,20,100,0.16,0.04,0.4,0.2,0
"770","WAIC",2,20,100,0.16,0.04,0.4,0.2,0
"771","LOO",2,20,100,0.16,0.04,0.4,0.2,0
"772","DIC",3,20,100,0.16,0.04,0.4,0.2,0.25
"773","WAIC",3,20,100,0.16,0.04,0.4,0.2,0.16
"774","LOO",3,20,100,0.16,0.04,0.4,0.2,0.15
"775","DIC",4,20,100,0.16,0.04,0.4,0.2,0
"776","WAIC",4,20,100,0.16,0.04,0.4,0.2,0
"777","LOO",4,20,100,0.16,0.04,0.4,0.2,0
"778","DIC",5,20,100,0.16,0.04,0.4,0.2,0.23
"779","WAIC",5,20,100,0.16,0.04,0.4,0.2,0.15
"780","LOO",5,20,100,0.16,0.04,0.4,0.2,0.15
"781","DIC",1,50,100,0.16,0.04,0.4,0.2,0.45
"782","WAIC",1,50,100,0.16,0.04,0.4,0.2,0.58
"783","LOO",1,50,100,0.16,0.04,0.4,0.2,0.62
"784","DIC",2,50,100,0.16,0.04,0.4,0.2,0
"785","WAIC",2,50,100,0.16,0.04,0.4,0.2,0
"786","LOO",2,50,100,0.16,0.04,0.4,0.2,0
"787","DIC",3,50,100,0.16,0.04,0.4,0.2,0.3
"788","WAIC",3,50,100,0.16,0.04,0.4,0.2,0.2
"789","LOO",3,50,100,0.16,0.04,0.4,0.2,0.17
"790","DIC",4,50,100,0.16,0.04,0.4,0.2,0
"791","WAIC",4,50,100,0.16,0.04,0.4,0.2,0
"792","LOO",4,50,100,0.16,0.04,0.4,0.2,0
"793","DIC",5,50,100,0.16,0.04,0.4,0.2,0.25
"794","WAIC",5,50,100,0.16,0.04,0.4,0.2,0.22
"795","LOO",5,50,100,0.16,0.04,0.4,0.2,0.21
"796","DIC",1,70,100,0.16,0.04,0.4,0.2,0.51
"797","WAIC",1,70,100,0.16,0.04,0.4,0.2,0.66
"798","LOO",1,70,100,0.16,0.04,0.4,0.2,0.66
"799","DIC",2,70,100,0.16,0.04,0.4,0.2,0
"800","WAIC",2,70,100,0.16,0.04,0.4,0.2,0
"801","LOO",2,70,100,0.16,0.04,0.4,0.2,0
"802","DIC",3,70,100,0.16,0.04,0.4,0.2,0.2
"803","WAIC",3,70,100,0.16,0.04,0.4,0.2,0.12
"804","LOO",3,70,100,0.16,0.04,0.4,0.2,0.12
"805","DIC",4,70,100,0.16,0.04,0.4,0.2,0
"806","WAIC",4,70,100,0.16,0.04,0.4,0.2,0
"807","LOO",4,70,100,0.16,0.04,0.4,0.2,0
"808","DIC",5,70,100,0.16,0.04,0.4,0.2,0.29
"809","WAIC",5,70,100,0.16,0.04,0.4,0.2,0.22
"810","LOO",5,70,100,0.16,0.04,0.4,0.2,0.22
"811","DIC",1,20,10,0.04,0.16,0.4,0.2,0.58
"812","WAIC",1,20,10,0.04,0.16,0.4,0.2,0.62
"813","LOO",1,20,10,0.04,0.16,0.4,0.2,0.61
"814","DIC",2,20,10,0.04,0.16,0.4,0.2,0.01
"815","WAIC",2,20,10,0.04,0.16,0.4,0.2,0
"816","LOO",2,20,10,0.04,0.16,0.4,0.2,0.01
"817","DIC",3,20,10,0.04,0.16,0.4,0.2,0.22
"818","WAIC",3,20,10,0.04,0.16,0.4,0.2,0.18
"819","LOO",3,20,10,0.04,0.16,0.4,0.2,0.16
"820","DIC",4,20,10,0.04,0.16,0.4,0.2,0.02
"821","WAIC",4,20,10,0.04,0.16,0.4,0.2,0.03
"822","LOO",4,20,10,0.04,0.16,0.4,0.2,0.04
"823","DIC",5,20,10,0.04,0.16,0.4,0.2,0.17
"824","WAIC",5,20,10,0.04,0.16,0.4,0.2,0.17
"825","LOO",5,20,10,0.04,0.16,0.4,0.2,0.18
"826","DIC",1,50,10,0.04,0.16,0.4,0.2,0.5
"827","WAIC",1,50,10,0.04,0.16,0.4,0.2,0.55
"828","LOO",1,50,10,0.04,0.16,0.4,0.2,0.58
"829","DIC",2,50,10,0.04,0.16,0.4,0.2,0
"830","WAIC",2,50,10,0.04,0.16,0.4,0.2,0
"831","LOO",2,50,10,0.04,0.16,0.4,0.2,0
"832","DIC",3,50,10,0.04,0.16,0.4,0.2,0.34
"833","WAIC",3,50,10,0.04,0.16,0.4,0.2,0.32
"834","LOO",3,50,10,0.04,0.16,0.4,0.2,0.28
"835","DIC",4,50,10,0.04,0.16,0.4,0.2,0
"836","WAIC",4,50,10,0.04,0.16,0.4,0.2,0
"837","LOO",4,50,10,0.04,0.16,0.4,0.2,0
"838","DIC",5,50,10,0.04,0.16,0.4,0.2,0.16
"839","WAIC",5,50,10,0.04,0.16,0.4,0.2,0.13
"840","LOO",5,50,10,0.04,0.16,0.4,0.2,0.14
"841","DIC",1,70,10,0.04,0.16,0.4,0.2,0.53
"842","WAIC",1,70,10,0.04,0.16,0.4,0.2,0.59
"843","LOO",1,70,10,0.04,0.16,0.4,0.2,0.6
"844","DIC",2,70,10,0.04,0.16,0.4,0.2,0
"845","WAIC",2,70,10,0.04,0.16,0.4,0.2,0
"846","LOO",2,70,10,0.04,0.16,0.4,0.2,0
"847","DIC",3,70,10,0.04,0.16,0.4,0.2,0.22
"848","WAIC",3,70,10,0.04,0.16,0.4,0.2,0.21
"849","LOO",3,70,10,0.04,0.16,0.4,0.2,0.19
"850","DIC",4,70,10,0.04,0.16,0.4,0.2,0
"851","WAIC",4,70,10,0.04,0.16,0.4,0.2,0
"852","LOO",4,70,10,0.04,0.16,0.4,0.2,0
"853","DIC",5,70,10,0.04,0.16,0.4,0.2,0.25
"854","WAIC",5,70,10,0.04,0.16,0.4,0.2,0.2
"855","LOO",5,70,10,0.04,0.16,0.4,0.2,0.21
"856","DIC",1,20,50,0.04,0.16,0.4,0.2,0.57
"857","WAIC",1,20,50,0.04,0.16,0.4,0.2,0.68
"858","LOO",1,20,50,0.04,0.16,0.4,0.2,0.68
"859","DIC",2,20,50,0.04,0.16,0.4,0.2,0
"860","WAIC",2,20,50,0.04,0.16,0.4,0.2,0
"861","LOO",2,20,50,0.04,0.16,0.4,0.2,0
"862","DIC",3,20,50,0.04,0.16,0.4,0.2,0.26
"863","WAIC",3,20,50,0.04,0.16,0.4,0.2,0.16
"864","LOO",3,20,50,0.04,0.16,0.4,0.2,0.16
"865","DIC",4,20,50,0.04,0.16,0.4,0.2,0
"866","WAIC",4,20,50,0.04,0.16,0.4,0.2,0
"867","LOO",4,20,50,0.04,0.16,0.4,0.2,0
"868","DIC",5,20,50,0.04,0.16,0.4,0.2,0.17
"869","WAIC",5,20,50,0.04,0.16,0.4,0.2,0.16
"870","LOO",5,20,50,0.04,0.16,0.4,0.2,0.16
"871","DIC",1,50,50,0.04,0.16,0.4,0.2,0.41
"872","WAIC",1,50,50,0.04,0.16,0.4,0.2,0.6
"873","LOO",1,50,50,0.04,0.16,0.4,0.2,0.62
"874","DIC",2,50,50,0.04,0.16,0.4,0.2,0
"875","WAIC",2,50,50,0.04,0.16,0.4,0.2,0
"876","LOO",2,50,50,0.04,0.16,0.4,0.2,0
"877","DIC",3,50,50,0.04,0.16,0.4,0.2,0.32
"878","WAIC",3,50,50,0.04,0.16,0.4,0.2,0.19
"879","LOO",3,50,50,0.04,0.16,0.4,0.2,0.17
"880","DIC",4,50,50,0.04,0.16,0.4,0.2,0
"881","WAIC",4,50,50,0.04,0.16,0.4,0.2,0
"882","LOO",4,50,50,0.04,0.16,0.4,0.2,0
"883","DIC",5,50,50,0.04,0.16,0.4,0.2,0.27
"884","WAIC",5,50,50,0.04,0.16,0.4,0.2,0.21
"885","LOO",5,50,50,0.04,0.16,0.4,0.2,0.21
"886","DIC",1,70,50,0.04,0.16,0.4,0.2,0.49
"887","WAIC",1,70,50,0.04,0.16,0.4,0.2,0.67
"888","LOO",1,70,50,0.04,0.16,0.4,0.2,0.68
"889","DIC",2,70,50,0.04,0.16,0.4,0.2,0
"890","WAIC",2,70,50,0.04,0.16,0.4,0.2,0
"891","LOO",2,70,50,0.04,0.16,0.4,0.2,0
"892","DIC",3,70,50,0.04,0.16,0.4,0.2,0.22
"893","WAIC",3,70,50,0.04,0.16,0.4,0.2,0.13
"894","LOO",3,70,50,0.04,0.16,0.4,0.2,0.12
"895","DIC",4,70,50,0.04,0.16,0.4,0.2,0
"896","WAIC",4,70,50,0.04,0.16,0.4,0.2,0
"897","LOO",4,70,50,0.04,0.16,0.4,0.2,0
"898","DIC",5,70,50,0.04,0.16,0.4,0.2,0.29
"899","WAIC",5,70,50,0.04,0.16,0.4,0.2,0.2
"900","LOO",5,70,50,0.04,0.16,0.4,0.2,0.2
"901","DIC",1,20,100,0.04,0.16,0.4,0.2,0.48
"902","WAIC",1,20,100,0.04,0.16,0.4,0.2,0.68
"903","LOO",1,20,100,0.04,0.16,0.4,0.2,0.68
"904","DIC",2,20,100,0.04,0.16,0.4,0.2,0
"905","WAIC",2,20,100,0.04,0.16,0.4,0.2,0
"906","LOO",2,20,100,0.04,0.16,0.4,0.2,0
"907","DIC",3,20,100,0.04,0.16,0.4,0.2,0.28
"908","WAIC",3,20,100,0.04,0.16,0.4,0.2,0.15
"909","LOO",3,20,100,0.04,0.16,0.4,0.2,0.15
"910","DIC",4,20,100,0.04,0.16,0.4,0.2,0
"911","WAIC",4,20,100,0.04,0.16,0.4,0.2,0
"912","LOO",4,20,100,0.04,0.16,0.4,0.2,0
"913","DIC",5,20,100,0.04,0.16,0.4,0.2,0.24
"914","WAIC",5,20,100,0.04,0.16,0.4,0.2,0.17
"915","LOO",5,20,100,0.04,0.16,0.4,0.2,0.17
"916","DIC",1,50,100,0.04,0.16,0.4,0.2,0.38
"917","WAIC",1,50,100,0.04,0.16,0.4,0.2,0.65
"918","LOO",1,50,100,0.04,0.16,0.4,0.2,0.64
"919","DIC",2,50,100,0.04,0.16,0.4,0.2,0
"920","WAIC",2,50,100,0.04,0.16,0.4,0.2,0
"921","LOO",2,50,100,0.04,0.16,0.4,0.2,0
"922","DIC",3,50,100,0.04,0.16,0.4,0.2,0.28
"923","WAIC",3,50,100,0.04,0.16,0.4,0.2,0.17
"924","LOO",3,50,100,0.04,0.16,0.4,0.2,0.17
"925","DIC",4,50,100,0.04,0.16,0.4,0.2,0
"926","WAIC",4,50,100,0.04,0.16,0.4,0.2,0
"927","LOO",4,50,100,0.04,0.16,0.4,0.2,0
"928","DIC",5,50,100,0.04,0.16,0.4,0.2,0.34
"929","WAIC",5,50,100,0.04,0.16,0.4,0.2,0.18
"930","LOO",5,50,100,0.04,0.16,0.4,0.2,0.19
"931","DIC",1,70,100,0.04,0.16,0.4,0.2,0.53
"932","WAIC",1,70,100,0.04,0.16,0.4,0.2,0.66
"933","LOO",1,70,100,0.04,0.16,0.4,0.2,0.67
"934","DIC",2,70,100,0.04,0.16,0.4,0.2,0
"935","WAIC",2,70,100,0.04,0.16,0.4,0.2,0
"936","LOO",2,70,100,0.04,0.16,0.4,0.2,0
"937","DIC",3,70,100,0.04,0.16,0.4,0.2,0.22
"938","WAIC",3,70,100,0.04,0.16,0.4,0.2,0.17
"939","LOO",3,70,100,0.04,0.16,0.4,0.2,0.17
"940","DIC",4,70,100,0.04,0.16,0.4,0.2,0
"941","WAIC",4,70,100,0.04,0.16,0.4,0.2,0
"942","LOO",4,70,100,0.04,0.16,0.4,0.2,0
"943","DIC",5,70,100,0.04,0.16,0.4,0.2,0.25
"944","WAIC",5,70,100,0.04,0.16,0.4,0.2,0.17
"945","LOO",5,70,100,0.04,0.16,0.4,0.2,0.16
"946","DIC",1,20,10,0.16,0.16,0.4,0.2,0.56
"947","WAIC",1,20,10,0.16,0.16,0.4,0.2,0.57
"948","LOO",1,20,10,0.16,0.16,0.4,0.2,0.63
"949","DIC",2,20,10,0.16,0.16,0.4,0.2,0.02
"950","WAIC",2,20,10,0.16,0.16,0.4,0.2,0.02
"951","LOO",2,20,10,0.16,0.16,0.4,0.2,0.03
"952","DIC",3,20,10,0.16,0.16,0.4,0.2,0.29
"953","WAIC",3,20,10,0.16,0.16,0.4,0.2,0.28
"954","LOO",3,20,10,0.16,0.16,0.4,0.2,0.21
"955","DIC",4,20,10,0.16,0.16,0.4,0.2,0.01
"956","WAIC",4,20,10,0.16,0.16,0.4,0.2,0.01
"957","LOO",4,20,10,0.16,0.16,0.4,0.2,0.01
"958","DIC",5,20,10,0.16,0.16,0.4,0.2,0.12
"959","WAIC",5,20,10,0.16,0.16,0.4,0.2,0.12
"960","LOO",5,20,10,0.16,0.16,0.4,0.2,0.12
"961","DIC",1,50,10,0.16,0.16,0.4,0.2,0.51
"962","WAIC",1,50,10,0.16,0.16,0.4,0.2,0.52
"963","LOO",1,50,10,0.16,0.16,0.4,0.2,0.62
"964","DIC",2,50,10,0.16,0.16,0.4,0.2,0
"965","WAIC",2,50,10,0.16,0.16,0.4,0.2,0
"966","LOO",2,50,10,0.16,0.16,0.4,0.2,0
"967","DIC",3,50,10,0.16,0.16,0.4,0.2,0.3
"968","WAIC",3,50,10,0.16,0.16,0.4,0.2,0.3
"969","LOO",3,50,10,0.16,0.16,0.4,0.2,0.22
"970","DIC",4,50,10,0.16,0.16,0.4,0.2,0
"971","WAIC",4,50,10,0.16,0.16,0.4,0.2,0
"972","LOO",4,50,10,0.16,0.16,0.4,0.2,0
"973","DIC",5,50,10,0.16,0.16,0.4,0.2,0.19
"974","WAIC",5,50,10,0.16,0.16,0.4,0.2,0.18
"975","LOO",5,50,10,0.16,0.16,0.4,0.2,0.16
"976","DIC",1,70,10,0.16,0.16,0.4,0.2,0.44
"977","WAIC",1,70,10,0.16,0.16,0.4,0.2,0.52
"978","LOO",1,70,10,0.16,0.16,0.4,0.2,0.58
"979","DIC",2,70,10,0.16,0.16,0.4,0.2,0
"980","WAIC",2,70,10,0.16,0.16,0.4,0.2,0
"981","LOO",2,70,10,0.16,0.16,0.4,0.2,0
"982","DIC",3,70,10,0.16,0.16,0.4,0.2,0.28
"983","WAIC",3,70,10,0.16,0.16,0.4,0.2,0.24
"984","LOO",3,70,10,0.16,0.16,0.4,0.2,0.17
"985","DIC",4,70,10,0.16,0.16,0.4,0.2,0
"986","WAIC",4,70,10,0.16,0.16,0.4,0.2,0
"987","LOO",4,70,10,0.16,0.16,0.4,0.2,0
"988","DIC",5,70,10,0.16,0.16,0.4,0.2,0.28
"989","WAIC",5,70,10,0.16,0.16,0.4,0.2,0.24
"990","LOO",5,70,10,0.16,0.16,0.4,0.2,0.25
"991","DIC",1,20,50,0.16,0.16,0.4,0.2,0.54
"992","WAIC",1,20,50,0.16,0.16,0.4,0.2,0.73
"993","LOO",1,20,50,0.16,0.16,0.4,0.2,0.73
"994","DIC",2,20,50,0.16,0.16,0.4,0.2,0
"995","WAIC",2,20,50,0.16,0.16,0.4,0.2,0
"996","LOO",2,20,50,0.16,0.16,0.4,0.2,0
"997","DIC",3,20,50,0.16,0.16,0.4,0.2,0.24
"998","WAIC",3,20,50,0.16,0.16,0.4,0.2,0.16
"999","LOO",3,20,50,0.16,0.16,0.4,0.2,0.16
"1000","DIC",4,20,50,0.16,0.16,0.4,0.2,0
"1001","WAIC",4,20,50,0.16,0.16,0.4,0.2,0
"1002","LOO",4,20,50,0.16,0.16,0.4,0.2,0
"1003","DIC",5,20,50,0.16,0.16,0.4,0.2,0.22
"1004","WAIC",5,20,50,0.16,0.16,0.4,0.2,0.11
"1005","LOO",5,20,50,0.16,0.16,0.4,0.2,0.11
"1006","DIC",1,50,50,0.16,0.16,0.4,0.2,0.5
"1007","WAIC",1,50,50,0.16,0.16,0.4,0.2,0.6
"1008","LOO",1,50,50,0.16,0.16,0.4,0.2,0.62
"1009","DIC",2,50,50,0.16,0.16,0.4,0.2,0
"1010","WAIC",2,50,50,0.16,0.16,0.4,0.2,0
"1011","LOO",2,50,50,0.16,0.16,0.4,0.2,0
"1012","DIC",3,50,50,0.16,0.16,0.4,0.2,0.3
"1013","WAIC",3,50,50,0.16,0.16,0.4,0.2,0.21
"1014","LOO",3,50,50,0.16,0.16,0.4,0.2,0.19
"1015","DIC",4,50,50,0.16,0.16,0.4,0.2,0
"1016","WAIC",4,50,50,0.16,0.16,0.4,0.2,0
"1017","LOO",4,50,50,0.16,0.16,0.4,0.2,0
"1018","DIC",5,50,50,0.16,0.16,0.4,0.2,0.2
"1019","WAIC",5,50,50,0.16,0.16,0.4,0.2,0.19
"1020","LOO",5,50,50,0.16,0.16,0.4,0.2,0.19
"1021","DIC",1,70,50,0.16,0.16,0.4,0.2,0.45
"1022","WAIC",1,70,50,0.16,0.16,0.4,0.2,0.6
"1023","LOO",1,70,50,0.16,0.16,0.4,0.2,0.6
"1024","DIC",2,70,50,0.16,0.16,0.4,0.2,0
"1025","WAIC",2,70,50,0.16,0.16,0.4,0.2,0
"1026","LOO",2,70,50,0.16,0.16,0.4,0.2,0
"1027","DIC",3,70,50,0.16,0.16,0.4,0.2,0.32
"1028","WAIC",3,70,50,0.16,0.16,0.4,0.2,0.21
"1029","LOO",3,70,50,0.16,0.16,0.4,0.2,0.2
"1030","DIC",4,70,50,0.16,0.16,0.4,0.2,0
"1031","WAIC",4,70,50,0.16,0.16,0.4,0.2,0
"1032","LOO",4,70,50,0.16,0.16,0.4,0.2,0
"1033","DIC",5,70,50,0.16,0.16,0.4,0.2,0.23
"1034","WAIC",5,70,50,0.16,0.16,0.4,0.2,0.19
"1035","LOO",5,70,50,0.16,0.16,0.4,0.2,0.2
"1036","DIC",1,20,100,0.16,0.16,0.4,0.2,0.41
"1037","WAIC",1,20,100,0.16,0.16,0.4,0.2,0.63
"1038","LOO",1,20,100,0.16,0.16,0.4,0.2,0.63
"1039","DIC",2,20,100,0.16,0.16,0.4,0.2,0
"1040","WAIC",2,20,100,0.16,0.16,0.4,0.2,0
"1041","LOO",2,20,100,0.16,0.16,0.4,0.2,0
"1042","DIC",3,20,100,0.16,0.16,0.4,0.2,0.33
"1043","WAIC",3,20,100,0.16,0.16,0.4,0.2,0.17
"1044","LOO",3,20,100,0.16,0.16,0.4,0.2,0.17
"1045","DIC",4,20,100,0.16,0.16,0.4,0.2,0
"1046","WAIC",4,20,100,0.16,0.16,0.4,0.2,0
"1047","LOO",4,20,100,0.16,0.16,0.4,0.2,0
"1048","DIC",5,20,100,0.16,0.16,0.4,0.2,0.26
"1049","WAIC",5,20,100,0.16,0.16,0.4,0.2,0.2
"1050","LOO",5,20,100,0.16,0.16,0.4,0.2,0.2
"1051","DIC",1,50,100,0.16,0.16,0.4,0.2,0.48
"1052","WAIC",1,50,100,0.16,0.16,0.4,0.2,0.67
"1053","LOO",1,50,100,0.16,0.16,0.4,0.2,0.66
"1054","DIC",2,50,100,0.16,0.16,0.4,0.2,0
"1055","WAIC",2,50,100,0.16,0.16,0.4,0.2,0
"1056","LOO",2,50,100,0.16,0.16,0.4,0.2,0
"1057","DIC",3,50,100,0.16,0.16,0.4,0.2,0.28
"1058","WAIC",3,50,100,0.16,0.16,0.4,0.2,0.16
"1059","LOO",3,50,100,0.16,0.16,0.4,0.2,0.16
"1060","DIC",4,50,100,0.16,0.16,0.4,0.2,0
"1061","WAIC",4,50,100,0.16,0.16,0.4,0.2,0
"1062","LOO",4,50,100,0.16,0.16,0.4,0.2,0
"1063","DIC",5,50,100,0.16,0.16,0.4,0.2,0.24
"1064","WAIC",5,50,100,0.16,0.16,0.4,0.2,0.17
"1065","LOO",5,50,100,0.16,0.16,0.4,0.2,0.18
"1066","DIC",1,70,100,0.16,0.16,0.4,0.2,0.5
"1067","WAIC",1,70,100,0.16,0.16,0.4,0.2,0.64
"1068","LOO",1,70,100,0.16,0.16,0.4,0.2,0.66
"1069","DIC",2,70,100,0.16,0.16,0.4,0.2,0
"1070","WAIC",2,70,100,0.16,0.16,0.4,0.2,0
"1071","LOO",2,70,100,0.16,0.16,0.4,0.2,0
"1072","DIC",3,70,100,0.16,0.16,0.4,0.2,0.24
"1073","WAIC",3,70,100,0.16,0.16,0.4,0.2,0.2
"1074","LOO",3,70,100,0.16,0.16,0.4,0.2,0.18
"1075","DIC",4,70,100,0.16,0.16,0.4,0.2,0
"1076","WAIC",4,70,100,0.16,0.16,0.4,0.2,0
"1077","LOO",4,70,100,0.16,0.16,0.4,0.2,0
"1078","DIC",5,70,100,0.16,0.16,0.4,0.2,0.26
"1079","WAIC",5,70,100,0.16,0.16,0.4,0.2,0.16
"1080","LOO",5,70,100,0.16,0.16,0.4,0.2,0.16
"1081","DIC",1,20,10,0.04,0.04,0.2,0.4,0.32
"1082","WAIC",1,20,10,0.04,0.04,0.2,0.4,0.28
"1083","LOO",1,20,10,0.04,0.04,0.2,0.4,0.3
"1084","DIC",2,20,10,0.04,0.04,0.2,0.4,0.35
"1085","WAIC",2,20,10,0.04,0.04,0.2,0.4,0.36
"1086","LOO",2,20,10,0.04,0.04,0.2,0.4,0.41
"1087","DIC",3,20,10,0.04,0.04,0.2,0.4,0.2
"1088","WAIC",3,20,10,0.04,0.04,0.2,0.4,0.19
"1089","LOO",3,20,10,0.04,0.04,0.2,0.4,0.14
"1090","DIC",4,20,10,0.04,0.04,0.2,0.4,0
"1091","WAIC",4,20,10,0.04,0.04,0.2,0.4,0
"1092","LOO",4,20,10,0.04,0.04,0.2,0.4,0
"1093","DIC",5,20,10,0.04,0.04,0.2,0.4,0.13
"1094","WAIC",5,20,10,0.04,0.04,0.2,0.4,0.17
"1095","LOO",5,20,10,0.04,0.04,0.2,0.4,0.15
"1096","DIC",1,50,10,0.04,0.04,0.2,0.4,0.39
"1097","WAIC",1,50,10,0.04,0.04,0.2,0.4,0.48
"1098","LOO",1,50,10,0.04,0.04,0.2,0.4,0.52
"1099","DIC",2,50,10,0.04,0.04,0.2,0.4,0.11
"1100","WAIC",2,50,10,0.04,0.04,0.2,0.4,0.11
"1101","LOO",2,50,10,0.04,0.04,0.2,0.4,0.17
"1102","DIC",3,50,10,0.04,0.04,0.2,0.4,0.31
"1103","WAIC",3,50,10,0.04,0.04,0.2,0.4,0.24
"1104","LOO",3,50,10,0.04,0.04,0.2,0.4,0.14
"1105","DIC",4,50,10,0.04,0.04,0.2,0.4,0
"1106","WAIC",4,50,10,0.04,0.04,0.2,0.4,0
"1107","LOO",4,50,10,0.04,0.04,0.2,0.4,0
"1108","DIC",5,50,10,0.04,0.04,0.2,0.4,0.19
"1109","WAIC",5,50,10,0.04,0.04,0.2,0.4,0.17
"1110","LOO",5,50,10,0.04,0.04,0.2,0.4,0.17
"1111","DIC",1,70,10,0.04,0.04,0.2,0.4,0.55
"1112","WAIC",1,70,10,0.04,0.04,0.2,0.4,0.6
"1113","LOO",1,70,10,0.04,0.04,0.2,0.4,0.63
"1114","DIC",2,70,10,0.04,0.04,0.2,0.4,0.08
"1115","WAIC",2,70,10,0.04,0.04,0.2,0.4,0.11
"1116","LOO",2,70,10,0.04,0.04,0.2,0.4,0.11
"1117","DIC",3,70,10,0.04,0.04,0.2,0.4,0.22
"1118","WAIC",3,70,10,0.04,0.04,0.2,0.4,0.16
"1119","LOO",3,70,10,0.04,0.04,0.2,0.4,0.12
"1120","DIC",4,70,10,0.04,0.04,0.2,0.4,0
"1121","WAIC",4,70,10,0.04,0.04,0.2,0.4,0
"1122","LOO",4,70,10,0.04,0.04,0.2,0.4,0
"1123","DIC",5,70,10,0.04,0.04,0.2,0.4,0.15
"1124","WAIC",5,70,10,0.04,0.04,0.2,0.4,0.13
"1125","LOO",5,70,10,0.04,0.04,0.2,0.4,0.14
"1126","DIC",1,20,50,0.04,0.04,0.2,0.4,0.53
"1127","WAIC",1,20,50,0.04,0.04,0.2,0.4,0.76
"1128","LOO",1,20,50,0.04,0.04,0.2,0.4,0.76
"1129","DIC",2,20,50,0.04,0.04,0.2,0.4,0.02
"1130","WAIC",2,20,50,0.04,0.04,0.2,0.4,0
"1131","LOO",2,20,50,0.04,0.04,0.2,0.4,0.01
"1132","DIC",3,20,50,0.04,0.04,0.2,0.4,0.21
"1133","WAIC",3,20,50,0.04,0.04,0.2,0.4,0.1
"1134","LOO",3,20,50,0.04,0.04,0.2,0.4,0.09
"1135","DIC",4,20,50,0.04,0.04,0.2,0.4,0
"1136","WAIC",4,20,50,0.04,0.04,0.2,0.4,0
"1137","LOO",4,20,50,0.04,0.04,0.2,0.4,0
"1138","DIC",5,20,50,0.04,0.04,0.2,0.4,0.24
"1139","WAIC",5,20,50,0.04,0.04,0.2,0.4,0.14
"1140","LOO",5,20,50,0.04,0.04,0.2,0.4,0.14
"1141","DIC",1,50,50,0.04,0.04,0.2,0.4,0.54
"1142","WAIC",1,50,50,0.04,0.04,0.2,0.4,0.62
"1143","LOO",1,50,50,0.04,0.04,0.2,0.4,0.62
"1144","DIC",2,50,50,0.04,0.04,0.2,0.4,0
"1145","WAIC",2,50,50,0.04,0.04,0.2,0.4,0
"1146","LOO",2,50,50,0.04,0.04,0.2,0.4,0
"1147","DIC",3,50,50,0.04,0.04,0.2,0.4,0.24
"1148","WAIC",3,50,50,0.04,0.04,0.2,0.4,0.15
"1149","LOO",3,50,50,0.04,0.04,0.2,0.4,0.15
"1150","DIC",4,50,50,0.04,0.04,0.2,0.4,0
"1151","WAIC",4,50,50,0.04,0.04,0.2,0.4,0
"1152","LOO",4,50,50,0.04,0.04,0.2,0.4,0
"1153","DIC",5,50,50,0.04,0.04,0.2,0.4,0.22
"1154","WAIC",5,50,50,0.04,0.04,0.2,0.4,0.23
"1155","LOO",5,50,50,0.04,0.04,0.2,0.4,0.23
"1156","DIC",1,70,50,0.04,0.04,0.2,0.4,0.48
"1157","WAIC",1,70,50,0.04,0.04,0.2,0.4,0.62
"1158","LOO",1,70,50,0.04,0.04,0.2,0.4,0.62
"1159","DIC",2,70,50,0.04,0.04,0.2,0.4,0
"1160","WAIC",2,70,50,0.04,0.04,0.2,0.4,0
"1161","LOO",2,70,50,0.04,0.04,0.2,0.4,0
"1162","DIC",3,70,50,0.04,0.04,0.2,0.4,0.23
"1163","WAIC",3,70,50,0.04,0.04,0.2,0.4,0.19
"1164","LOO",3,70,50,0.04,0.04,0.2,0.4,0.19
"1165","DIC",4,70,50,0.04,0.04,0.2,0.4,0
"1166","WAIC",4,70,50,0.04,0.04,0.2,0.4,0
"1167","LOO",4,70,50,0.04,0.04,0.2,0.4,0
"1168","DIC",5,70,50,0.04,0.04,0.2,0.4,0.29
"1169","WAIC",5,70,50,0.04,0.04,0.2,0.4,0.19
"1170","LOO",5,70,50,0.04,0.04,0.2,0.4,0.19
"1171","DIC",1,20,100,0.04,0.04,0.2,0.4,0.5
"1172","WAIC",1,20,100,0.04,0.04,0.2,0.4,0.65
"1173","LOO",1,20,100,0.04,0.04,0.2,0.4,0.65
"1174","DIC",2,20,100,0.04,0.04,0.2,0.4,0
"1175","WAIC",2,20,100,0.04,0.04,0.2,0.4,0.01
"1176","LOO",2,20,100,0.04,0.04,0.2,0.4,0.01
"1177","DIC",3,20,100,0.04,0.04,0.2,0.4,0.28
"1178","WAIC",3,20,100,0.04,0.04,0.2,0.4,0.19
"1179","LOO",3,20,100,0.04,0.04,0.2,0.4,0.18
"1180","DIC",4,20,100,0.04,0.04,0.2,0.4,0
"1181","WAIC",4,20,100,0.04,0.04,0.2,0.4,0
"1182","LOO",4,20,100,0.04,0.04,0.2,0.4,0
"1183","DIC",5,20,100,0.04,0.04,0.2,0.4,0.22
"1184","WAIC",5,20,100,0.04,0.04,0.2,0.4,0.15
"1185","LOO",5,20,100,0.04,0.04,0.2,0.4,0.16
"1186","DIC",1,50,100,0.04,0.04,0.2,0.4,0.52
"1187","WAIC",1,50,100,0.04,0.04,0.2,0.4,0.61
"1188","LOO",1,50,100,0.04,0.04,0.2,0.4,0.63
"1189","DIC",2,50,100,0.04,0.04,0.2,0.4,0
"1190","WAIC",2,50,100,0.04,0.04,0.2,0.4,0
"1191","LOO",2,50,100,0.04,0.04,0.2,0.4,0
"1192","DIC",3,50,100,0.04,0.04,0.2,0.4,0.28
"1193","WAIC",3,50,100,0.04,0.04,0.2,0.4,0.22
"1194","LOO",3,50,100,0.04,0.04,0.2,0.4,0.2
"1195","DIC",4,50,100,0.04,0.04,0.2,0.4,0
"1196","WAIC",4,50,100,0.04,0.04,0.2,0.4,0
"1197","LOO",4,50,100,0.04,0.04,0.2,0.4,0
"1198","DIC",5,50,100,0.04,0.04,0.2,0.4,0.2
"1199","WAIC",5,50,100,0.04,0.04,0.2,0.4,0.17
"1200","LOO",5,50,100,0.04,0.04,0.2,0.4,0.17
"1201","DIC",1,70,100,0.04,0.04,0.2,0.4,0.42
"1202","WAIC",1,70,100,0.04,0.04,0.2,0.4,0.64
"1203","LOO",1,70,100,0.04,0.04,0.2,0.4,0.65
"1204","DIC",2,70,100,0.04,0.04,0.2,0.4,0
"1205","WAIC",2,70,100,0.04,0.04,0.2,0.4,0
"1206","LOO",2,70,100,0.04,0.04,0.2,0.4,0
"1207","DIC",3,70,100,0.04,0.04,0.2,0.4,0.26
"1208","WAIC",3,70,100,0.04,0.04,0.2,0.4,0.18
"1209","LOO",3,70,100,0.04,0.04,0.2,0.4,0.17
"1210","DIC",4,70,100,0.04,0.04,0.2,0.4,0
"1211","WAIC",4,70,100,0.04,0.04,0.2,0.4,0
"1212","LOO",4,70,100,0.04,0.04,0.2,0.4,0
"1213","DIC",5,70,100,0.04,0.04,0.2,0.4,0.32
"1214","WAIC",5,70,100,0.04,0.04,0.2,0.4,0.18
"1215","LOO",5,70,100,0.04,0.04,0.2,0.4,0.18
"1216","DIC",1,20,10,0.16,0.04,0.2,0.4,0.49
"1217","WAIC",1,20,10,0.16,0.04,0.2,0.4,0.47
"1218","LOO",1,20,10,0.16,0.04,0.2,0.4,0.51
"1219","DIC",2,20,10,0.16,0.04,0.2,0.4,0.18
"1220","WAIC",2,20,10,0.16,0.04,0.2,0.4,0.21
"1221","LOO",2,20,10,0.16,0.04,0.2,0.4,0.24
"1222","DIC",3,20,10,0.16,0.04,0.2,0.4,0.21
"1223","WAIC",3,20,10,0.16,0.04,0.2,0.4,0.21
"1224","LOO",3,20,10,0.16,0.04,0.2,0.4,0.13
"1225","DIC",4,20,10,0.16,0.04,0.2,0.4,0
"1226","WAIC",4,20,10,0.16,0.04,0.2,0.4,0
"1227","LOO",4,20,10,0.16,0.04,0.2,0.4,0
"1228","DIC",5,20,10,0.16,0.04,0.2,0.4,0.12
"1229","WAIC",5,20,10,0.16,0.04,0.2,0.4,0.11
"1230","LOO",5,20,10,0.16,0.04,0.2,0.4,0.12
"1231","DIC",1,50,10,0.16,0.04,0.2,0.4,0.46
"1232","WAIC",1,50,10,0.16,0.04,0.2,0.4,0.52
"1233","LOO",1,50,10,0.16,0.04,0.2,0.4,0.54
"1234","DIC",2,50,10,0.16,0.04,0.2,0.4,0.1
"1235","WAIC",2,50,10,0.16,0.04,0.2,0.4,0.12
"1236","LOO",2,50,10,0.16,0.04,0.2,0.4,0.2
"1237","DIC",3,50,10,0.16,0.04,0.2,0.4,0.28
"1238","WAIC",3,50,10,0.16,0.04,0.2,0.4,0.25
"1239","LOO",3,50,10,0.16,0.04,0.2,0.4,0.17
"1240","DIC",4,50,10,0.16,0.04,0.2,0.4,0
"1241","WAIC",4,50,10,0.16,0.04,0.2,0.4,0
"1242","LOO",4,50,10,0.16,0.04,0.2,0.4,0
"1243","DIC",5,50,10,0.16,0.04,0.2,0.4,0.16
"1244","WAIC",5,50,10,0.16,0.04,0.2,0.4,0.11
"1245","LOO",5,50,10,0.16,0.04,0.2,0.4,0.09
"1246","DIC",1,70,10,0.16,0.04,0.2,0.4,0.45
"1247","WAIC",1,70,10,0.16,0.04,0.2,0.4,0.49
"1248","LOO",1,70,10,0.16,0.04,0.2,0.4,0.64
"1249","DIC",2,70,10,0.16,0.04,0.2,0.4,0.02
"1250","WAIC",2,70,10,0.16,0.04,0.2,0.4,0.04
"1251","LOO",2,70,10,0.16,0.04,0.2,0.4,0.05
"1252","DIC",3,70,10,0.16,0.04,0.2,0.4,0.34
"1253","WAIC",3,70,10,0.16,0.04,0.2,0.4,0.31
"1254","LOO",3,70,10,0.16,0.04,0.2,0.4,0.15
"1255","DIC",4,70,10,0.16,0.04,0.2,0.4,0
"1256","WAIC",4,70,10,0.16,0.04,0.2,0.4,0
"1257","LOO",4,70,10,0.16,0.04,0.2,0.4,0
"1258","DIC",5,70,10,0.16,0.04,0.2,0.4,0.19
"1259","WAIC",5,70,10,0.16,0.04,0.2,0.4,0.16
"1260","LOO",5,70,10,0.16,0.04,0.2,0.4,0.16
"1261","DIC",1,20,50,0.16,0.04,0.2,0.4,0.56
"1262","WAIC",1,20,50,0.16,0.04,0.2,0.4,0.69
"1263","LOO",1,20,50,0.16,0.04,0.2,0.4,0.7
"1264","DIC",2,20,50,0.16,0.04,0.2,0.4,0.01
"1265","WAIC",2,20,50,0.16,0.04,0.2,0.4,0.01
"1266","LOO",2,20,50,0.16,0.04,0.2,0.4,0.01
"1267","DIC",3,20,50,0.16,0.04,0.2,0.4,0.17
"1268","WAIC",3,20,50,0.16,0.04,0.2,0.4,0.12
"1269","LOO",3,20,50,0.16,0.04,0.2,0.4,0.12
"1270","DIC",4,20,50,0.16,0.04,0.2,0.4,0
"1271","WAIC",4,20,50,0.16,0.04,0.2,0.4,0
"1272","LOO",4,20,50,0.16,0.04,0.2,0.4,0
"1273","DIC",5,20,50,0.16,0.04,0.2,0.4,0.26
"1274","WAIC",5,20,50,0.16,0.04,0.2,0.4,0.18
"1275","LOO",5,20,50,0.16,0.04,0.2,0.4,0.17
"1276","DIC",1,50,50,0.16,0.04,0.2,0.4,0.52
"1277","WAIC",1,50,50,0.16,0.04,0.2,0.4,0.61
"1278","LOO",1,50,50,0.16,0.04,0.2,0.4,0.61
"1279","DIC",2,50,50,0.16,0.04,0.2,0.4,0
"1280","WAIC",2,50,50,0.16,0.04,0.2,0.4,0
"1281","LOO",2,50,50,0.16,0.04,0.2,0.4,0
"1282","DIC",3,50,50,0.16,0.04,0.2,0.4,0.27
"1283","WAIC",3,50,50,0.16,0.04,0.2,0.4,0.19
"1284","LOO",3,50,50,0.16,0.04,0.2,0.4,0.19
"1285","DIC",4,50,50,0.16,0.04,0.2,0.4,0
"1286","WAIC",4,50,50,0.16,0.04,0.2,0.4,0
"1287","LOO",4,50,50,0.16,0.04,0.2,0.4,0
"1288","DIC",5,50,50,0.16,0.04,0.2,0.4,0.21
"1289","WAIC",5,50,50,0.16,0.04,0.2,0.4,0.2
"1290","LOO",5,50,50,0.16,0.04,0.2,0.4,0.2
"1291","DIC",1,70,50,0.16,0.04,0.2,0.4,0.35
"1292","WAIC",1,70,50,0.16,0.04,0.2,0.4,0.62
"1293","LOO",1,70,50,0.16,0.04,0.2,0.4,0.62
"1294","DIC",2,70,50,0.16,0.04,0.2,0.4,0
"1295","WAIC",2,70,50,0.16,0.04,0.2,0.4,0
"1296","LOO",2,70,50,0.16,0.04,0.2,0.4,0
"1297","DIC",3,70,50,0.16,0.04,0.2,0.4,0.41
"1298","WAIC",3,70,50,0.16,0.04,0.2,0.4,0.16
"1299","LOO",3,70,50,0.16,0.04,0.2,0.4,0.16
"1300","DIC",4,70,50,0.16,0.04,0.2,0.4,0
"1301","WAIC",4,70,50,0.16,0.04,0.2,0.4,0
"1302","LOO",4,70,50,0.16,0.04,0.2,0.4,0
"1303","DIC",5,70,50,0.16,0.04,0.2,0.4,0.24
"1304","WAIC",5,70,50,0.16,0.04,0.2,0.4,0.22
"1305","LOO",5,70,50,0.16,0.04,0.2,0.4,0.22
"1306","DIC",1,20,100,0.16,0.04,0.2,0.4,0.54
"1307","WAIC",1,20,100,0.16,0.04,0.2,0.4,0.68
"1308","LOO",1,20,100,0.16,0.04,0.2,0.4,0.69
"1309","DIC",2,20,100,0.16,0.04,0.2,0.4,0
"1310","WAIC",2,20,100,0.16,0.04,0.2,0.4,0
"1311","LOO",2,20,100,0.16,0.04,0.2,0.4,0
"1312","DIC",3,20,100,0.16,0.04,0.2,0.4,0.22
"1313","WAIC",3,20,100,0.16,0.04,0.2,0.4,0.17
"1314","LOO",3,20,100,0.16,0.04,0.2,0.4,0.16
"1315","DIC",4,20,100,0.16,0.04,0.2,0.4,0
"1316","WAIC",4,20,100,0.16,0.04,0.2,0.4,0
"1317","LOO",4,20,100,0.16,0.04,0.2,0.4,0
"1318","DIC",5,20,100,0.16,0.04,0.2,0.4,0.24
"1319","WAIC",5,20,100,0.16,0.04,0.2,0.4,0.15
"1320","LOO",5,20,100,0.16,0.04,0.2,0.4,0.15
"1321","DIC",1,50,100,0.16,0.04,0.2,0.4,0.44
"1322","WAIC",1,50,100,0.16,0.04,0.2,0.4,0.68
"1323","LOO",1,50,100,0.16,0.04,0.2,0.4,0.68
"1324","DIC",2,50,100,0.16,0.04,0.2,0.4,0
"1325","WAIC",2,50,100,0.16,0.04,0.2,0.4,0
"1326","LOO",2,50,100,0.16,0.04,0.2,0.4,0
"1327","DIC",3,50,100,0.16,0.04,0.2,0.4,0.33
"1328","WAIC",3,50,100,0.16,0.04,0.2,0.4,0.14
"1329","LOO",3,50,100,0.16,0.04,0.2,0.4,0.14
"1330","DIC",4,50,100,0.16,0.04,0.2,0.4,0
"1331","WAIC",4,50,100,0.16,0.04,0.2,0.4,0
"1332","LOO",4,50,100,0.16,0.04,0.2,0.4,0
"1333","DIC",5,50,100,0.16,0.04,0.2,0.4,0.23
"1334","WAIC",5,50,100,0.16,0.04,0.2,0.4,0.18
"1335","LOO",5,50,100,0.16,0.04,0.2,0.4,0.18
"1336","DIC",1,70,100,0.16,0.04,0.2,0.4,0.41
"1337","WAIC",1,70,100,0.16,0.04,0.2,0.4,0.57
"1338","LOO",1,70,100,0.16,0.04,0.2,0.4,0.59
"1339","DIC",2,70,100,0.16,0.04,0.2,0.4,0
"1340","WAIC",2,70,100,0.16,0.04,0.2,0.4,0
"1341","LOO",2,70,100,0.16,0.04,0.2,0.4,0
"1342","DIC",3,70,100,0.16,0.04,0.2,0.4,0.27
"1343","WAIC",3,70,100,0.16,0.04,0.2,0.4,0.2
"1344","LOO",3,70,100,0.16,0.04,0.2,0.4,0.18
"1345","DIC",4,70,100,0.16,0.04,0.2,0.4,0
"1346","WAIC",4,70,100,0.16,0.04,0.2,0.4,0
"1347","LOO",4,70,100,0.16,0.04,0.2,0.4,0
"1348","DIC",5,70,100,0.16,0.04,0.2,0.4,0.32
"1349","WAIC",5,70,100,0.16,0.04,0.2,0.4,0.23
"1350","LOO",5,70,100,0.16,0.04,0.2,0.4,0.23
"1351","DIC",1,20,10,0.04,0.16,0.2,0.4,0.55
"1352","WAIC",1,20,10,0.04,0.16,0.2,0.4,0.59
"1353","LOO",1,20,10,0.04,0.16,0.2,0.4,0.61
"1354","DIC",2,20,10,0.04,0.16,0.2,0.4,0
"1355","WAIC",2,20,10,0.04,0.16,0.2,0.4,0
"1356","LOO",2,20,10,0.04,0.16,0.2,0.4,0.01
"1357","DIC",3,20,10,0.04,0.16,0.2,0.4,0.23
"1358","WAIC",3,20,10,0.04,0.16,0.2,0.4,0.22
"1359","LOO",3,20,10,0.04,0.16,0.2,0.4,0.16
"1360","DIC",4,20,10,0.04,0.16,0.2,0.4,0
"1361","WAIC",4,20,10,0.04,0.16,0.2,0.4,0
"1362","LOO",4,20,10,0.04,0.16,0.2,0.4,0
"1363","DIC",5,20,10,0.04,0.16,0.2,0.4,0.22
"1364","WAIC",5,20,10,0.04,0.16,0.2,0.4,0.19
"1365","LOO",5,20,10,0.04,0.16,0.2,0.4,0.22
"1366","DIC",1,50,10,0.04,0.16,0.2,0.4,0.48
"1367","WAIC",1,50,10,0.04,0.16,0.2,0.4,0.57
"1368","LOO",1,50,10,0.04,0.16,0.2,0.4,0.59
"1369","DIC",2,50,10,0.04,0.16,0.2,0.4,0
"1370","WAIC",2,50,10,0.04,0.16,0.2,0.4,0
"1371","LOO",2,50,10,0.04,0.16,0.2,0.4,0
"1372","DIC",3,50,10,0.04,0.16,0.2,0.4,0.36
"1373","WAIC",3,50,10,0.04,0.16,0.2,0.4,0.3
"1374","LOO",3,50,10,0.04,0.16,0.2,0.4,0.26
"1375","DIC",4,50,10,0.04,0.16,0.2,0.4,0
"1376","WAIC",4,50,10,0.04,0.16,0.2,0.4,0
"1377","LOO",4,50,10,0.04,0.16,0.2,0.4,0
"1378","DIC",5,50,10,0.04,0.16,0.2,0.4,0.16
"1379","WAIC",5,50,10,0.04,0.16,0.2,0.4,0.13
"1380","LOO",5,50,10,0.04,0.16,0.2,0.4,0.15
"1381","DIC",1,70,10,0.04,0.16,0.2,0.4,0.47
"1382","WAIC",1,70,10,0.04,0.16,0.2,0.4,0.54
"1383","LOO",1,70,10,0.04,0.16,0.2,0.4,0.61
"1384","DIC",2,70,10,0.04,0.16,0.2,0.4,0
"1385","WAIC",2,70,10,0.04,0.16,0.2,0.4,0
"1386","LOO",2,70,10,0.04,0.16,0.2,0.4,0
"1387","DIC",3,70,10,0.04,0.16,0.2,0.4,0.29
"1388","WAIC",3,70,10,0.04,0.16,0.2,0.4,0.29
"1389","LOO",3,70,10,0.04,0.16,0.2,0.4,0.2
"1390","DIC",4,70,10,0.04,0.16,0.2,0.4,0
"1391","WAIC",4,70,10,0.04,0.16,0.2,0.4,0
"1392","LOO",4,70,10,0.04,0.16,0.2,0.4,0
"1393","DIC",5,70,10,0.04,0.16,0.2,0.4,0.24
"1394","WAIC",5,70,10,0.04,0.16,0.2,0.4,0.17
"1395","LOO",5,70,10,0.04,0.16,0.2,0.4,0.19
"1396","DIC",1,20,50,0.04,0.16,0.2,0.4,0.54
"1397","WAIC",1,20,50,0.04,0.16,0.2,0.4,0.58
"1398","LOO",1,20,50,0.04,0.16,0.2,0.4,0.6
"1399","DIC",2,20,50,0.04,0.16,0.2,0.4,0
"1400","WAIC",2,20,50,0.04,0.16,0.2,0.4,0
"1401","LOO",2,20,50,0.04,0.16,0.2,0.4,0
"1402","DIC",3,20,50,0.04,0.16,0.2,0.4,0.23
"1403","WAIC",3,20,50,0.04,0.16,0.2,0.4,0.26
"1404","LOO",3,20,50,0.04,0.16,0.2,0.4,0.24
"1405","DIC",4,20,50,0.04,0.16,0.2,0.4,0
"1406","WAIC",4,20,50,0.04,0.16,0.2,0.4,0
"1407","LOO",4,20,50,0.04,0.16,0.2,0.4,0
"1408","DIC",5,20,50,0.04,0.16,0.2,0.4,0.23
"1409","WAIC",5,20,50,0.04,0.16,0.2,0.4,0.16
"1410","LOO",5,20,50,0.04,0.16,0.2,0.4,0.16
"1411","DIC",1,50,50,0.04,0.16,0.2,0.4,0.47
"1412","WAIC",1,50,50,0.04,0.16,0.2,0.4,0.64
"1413","LOO",1,50,50,0.04,0.16,0.2,0.4,0.65
"1414","DIC",2,50,50,0.04,0.16,0.2,0.4,0
"1415","WAIC",2,50,50,0.04,0.16,0.2,0.4,0
"1416","LOO",2,50,50,0.04,0.16,0.2,0.4,0
"1417","DIC",3,50,50,0.04,0.16,0.2,0.4,0.26
"1418","WAIC",3,50,50,0.04,0.16,0.2,0.4,0.18
"1419","LOO",3,50,50,0.04,0.16,0.2,0.4,0.18
"1420","DIC",4,50,50,0.04,0.16,0.2,0.4,0
"1421","WAIC",4,50,50,0.04,0.16,0.2,0.4,0
"1422","LOO",4,50,50,0.04,0.16,0.2,0.4,0
"1423","DIC",5,50,50,0.04,0.16,0.2,0.4,0.27
"1424","WAIC",5,50,50,0.04,0.16,0.2,0.4,0.18
"1425","LOO",5,50,50,0.04,0.16,0.2,0.4,0.17
"1426","DIC",1,70,50,0.04,0.16,0.2,0.4,0.55
"1427","WAIC",1,70,50,0.04,0.16,0.2,0.4,0.61
"1428","LOO",1,70,50,0.04,0.16,0.2,0.4,0.61
"1429","DIC",2,70,50,0.04,0.16,0.2,0.4,0
"1430","WAIC",2,70,50,0.04,0.16,0.2,0.4,0
"1431","LOO",2,70,50,0.04,0.16,0.2,0.4,0
"1432","DIC",3,70,50,0.04,0.16,0.2,0.4,0.2
"1433","WAIC",3,70,50,0.04,0.16,0.2,0.4,0.22
"1434","LOO",3,70,50,0.04,0.16,0.2,0.4,0.21
"1435","DIC",4,70,50,0.04,0.16,0.2,0.4,0
"1436","WAIC",4,70,50,0.04,0.16,0.2,0.4,0
"1437","LOO",4,70,50,0.04,0.16,0.2,0.4,0
"1438","DIC",5,70,50,0.04,0.16,0.2,0.4,0.25
"1439","WAIC",5,70,50,0.04,0.16,0.2,0.4,0.17
"1440","LOO",5,70,50,0.04,0.16,0.2,0.4,0.18
"1441","DIC",1,20,100,0.04,0.16,0.2,0.4,0.49
"1442","WAIC",1,20,100,0.04,0.16,0.2,0.4,0.69
"1443","LOO",1,20,100,0.04,0.16,0.2,0.4,0.68
"1444","DIC",2,20,100,0.04,0.16,0.2,0.4,0
"1445","WAIC",2,20,100,0.04,0.16,0.2,0.4,0
"1446","LOO",2,20,100,0.04,0.16,0.2,0.4,0
"1447","DIC",3,20,100,0.04,0.16,0.2,0.4,0.22
"1448","WAIC",3,20,100,0.04,0.16,0.2,0.4,0.1
"1449","LOO",3,20,100,0.04,0.16,0.2,0.4,0.1
"1450","DIC",4,20,100,0.04,0.16,0.2,0.4,0
"1451","WAIC",4,20,100,0.04,0.16,0.2,0.4,0
"1452","LOO",4,20,100,0.04,0.16,0.2,0.4,0
"1453","DIC",5,20,100,0.04,0.16,0.2,0.4,0.29
"1454","WAIC",5,20,100,0.04,0.16,0.2,0.4,0.21
"1455","LOO",5,20,100,0.04,0.16,0.2,0.4,0.22
"1456","DIC",1,50,100,0.04,0.16,0.2,0.4,0.51
"1457","WAIC",1,50,100,0.04,0.16,0.2,0.4,0.66
"1458","LOO",1,50,100,0.04,0.16,0.2,0.4,0.66
"1459","DIC",2,50,100,0.04,0.16,0.2,0.4,0
"1460","WAIC",2,50,100,0.04,0.16,0.2,0.4,0
"1461","LOO",2,50,100,0.04,0.16,0.2,0.4,0
"1462","DIC",3,50,100,0.04,0.16,0.2,0.4,0.23
"1463","WAIC",3,50,100,0.04,0.16,0.2,0.4,0.13
"1464","LOO",3,50,100,0.04,0.16,0.2,0.4,0.12
"1465","DIC",4,50,100,0.04,0.16,0.2,0.4,0
"1466","WAIC",4,50,100,0.04,0.16,0.2,0.4,0
"1467","LOO",4,50,100,0.04,0.16,0.2,0.4,0
"1468","DIC",5,50,100,0.04,0.16,0.2,0.4,0.26
"1469","WAIC",5,50,100,0.04,0.16,0.2,0.4,0.21
"1470","LOO",5,50,100,0.04,0.16,0.2,0.4,0.22
"1471","DIC",1,70,100,0.04,0.16,0.2,0.4,0.44
"1472","WAIC",1,70,100,0.04,0.16,0.2,0.4,0.63
"1473","LOO",1,70,100,0.04,0.16,0.2,0.4,0.64
"1474","DIC",2,70,100,0.04,0.16,0.2,0.4,0
"1475","WAIC",2,70,100,0.04,0.16,0.2,0.4,0
"1476","LOO",2,70,100,0.04,0.16,0.2,0.4,0
"1477","DIC",3,70,100,0.04,0.16,0.2,0.4,0.26
"1478","WAIC",3,70,100,0.04,0.16,0.2,0.4,0.21
"1479","LOO",3,70,100,0.04,0.16,0.2,0.4,0.2
"1480","DIC",4,70,100,0.04,0.16,0.2,0.4,0
"1481","WAIC",4,70,100,0.04,0.16,0.2,0.4,0
"1482","LOO",4,70,100,0.04,0.16,0.2,0.4,0
"1483","DIC",5,70,100,0.04,0.16,0.2,0.4,0.3
"1484","WAIC",5,70,100,0.04,0.16,0.2,0.4,0.16
"1485","LOO",5,70,100,0.04,0.16,0.2,0.4,0.16
"1486","DIC",1,20,10,0.16,0.16,0.2,0.4,0.49
"1487","WAIC",1,20,10,0.16,0.16,0.2,0.4,0.52
"1488","LOO",1,20,10,0.16,0.16,0.2,0.4,0.63
"1489","DIC",2,20,10,0.16,0.16,0.2,0.4,0.01
"1490","WAIC",2,20,10,0.16,0.16,0.2,0.4,0.01
"1491","LOO",2,20,10,0.16,0.16,0.2,0.4,0.01
"1492","DIC",3,20,10,0.16,0.16,0.2,0.4,0.35
"1493","WAIC",3,20,10,0.16,0.16,0.2,0.4,0.34
"1494","LOO",3,20,10,0.16,0.16,0.2,0.4,0.19
"1495","DIC",4,20,10,0.16,0.16,0.2,0.4,0
"1496","WAIC",4,20,10,0.16,0.16,0.2,0.4,0
"1497","LOO",4,20,10,0.16,0.16,0.2,0.4,0
"1498","DIC",5,20,10,0.16,0.16,0.2,0.4,0.15
"1499","WAIC",5,20,10,0.16,0.16,0.2,0.4,0.13
"1500","LOO",5,20,10,0.16,0.16,0.2,0.4,0.17
"1501","DIC",1,50,10,0.16,0.16,0.2,0.4,0.5
"1502","WAIC",1,50,10,0.16,0.16,0.2,0.4,0.57
"1503","LOO",1,50,10,0.16,0.16,0.2,0.4,0.64
"1504","DIC",2,50,10,0.16,0.16,0.2,0.4,0
"1505","WAIC",2,50,10,0.16,0.16,0.2,0.4,0
"1506","LOO",2,50,10,0.16,0.16,0.2,0.4,0
"1507","DIC",3,50,10,0.16,0.16,0.2,0.4,0.33
"1508","WAIC",3,50,10,0.16,0.16,0.2,0.4,0.28
"1509","LOO",3,50,10,0.16,0.16,0.2,0.4,0.19
"1510","DIC",4,50,10,0.16,0.16,0.2,0.4,0
"1511","WAIC",4,50,10,0.16,0.16,0.2,0.4,0
"1512","LOO",4,50,10,0.16,0.16,0.2,0.4,0
"1513","DIC",5,50,10,0.16,0.16,0.2,0.4,0.17
"1514","WAIC",5,50,10,0.16,0.16,0.2,0.4,0.15
"1515","LOO",5,50,10,0.16,0.16,0.2,0.4,0.17
"1516","DIC",1,70,10,0.16,0.16,0.2,0.4,0.47
"1517","WAIC",1,70,10,0.16,0.16,0.2,0.4,0.46
"1518","LOO",1,70,10,0.16,0.16,0.2,0.4,0.57
"1519","DIC",2,70,10,0.16,0.16,0.2,0.4,0
"1520","WAIC",2,70,10,0.16,0.16,0.2,0.4,0
"1521","LOO",2,70,10,0.16,0.16,0.2,0.4,0
"1522","DIC",3,70,10,0.16,0.16,0.2,0.4,0.28
"1523","WAIC",3,70,10,0.16,0.16,0.2,0.4,0.32
"1524","LOO",3,70,10,0.16,0.16,0.2,0.4,0.24
"1525","DIC",4,70,10,0.16,0.16,0.2,0.4,0
"1526","WAIC",4,70,10,0.16,0.16,0.2,0.4,0
"1527","LOO",4,70,10,0.16,0.16,0.2,0.4,0
"1528","DIC",5,70,10,0.16,0.16,0.2,0.4,0.25
"1529","WAIC",5,70,10,0.16,0.16,0.2,0.4,0.22
"1530","LOO",5,70,10,0.16,0.16,0.2,0.4,0.19
"1531","DIC",1,20,50,0.16,0.16,0.2,0.4,0.65
"1532","WAIC",1,20,50,0.16,0.16,0.2,0.4,0.77
"1533","LOO",1,20,50,0.16,0.16,0.2,0.4,0.77
"1534","DIC",2,20,50,0.16,0.16,0.2,0.4,0
"1535","WAIC",2,20,50,0.16,0.16,0.2,0.4,0
"1536","LOO",2,20,50,0.16,0.16,0.2,0.4,0
"1537","DIC",3,20,50,0.16,0.16,0.2,0.4,0.18
"1538","WAIC",3,20,50,0.16,0.16,0.2,0.4,0.09
"1539","LOO",3,20,50,0.16,0.16,0.2,0.4,0.09
"1540","DIC",4,20,50,0.16,0.16,0.2,0.4,0
"1541","WAIC",4,20,50,0.16,0.16,0.2,0.4,0
"1542","LOO",4,20,50,0.16,0.16,0.2,0.4,0
"1543","DIC",5,20,50,0.16,0.16,0.2,0.4,0.17
"1544","WAIC",5,20,50,0.16,0.16,0.2,0.4,0.14
"1545","LOO",5,20,50,0.16,0.16,0.2,0.4,0.14
"1546","DIC",1,50,50,0.16,0.16,0.2,0.4,0.49
"1547","WAIC",1,50,50,0.16,0.16,0.2,0.4,0.59
"1548","LOO",1,50,50,0.16,0.16,0.2,0.4,0.62
"1549","DIC",2,50,50,0.16,0.16,0.2,0.4,0
"1550","WAIC",2,50,50,0.16,0.16,0.2,0.4,0
"1551","LOO",2,50,50,0.16,0.16,0.2,0.4,0
"1552","DIC",3,50,50,0.16,0.16,0.2,0.4,0.26
"1553","WAIC",3,50,50,0.16,0.16,0.2,0.4,0.21
"1554","LOO",3,50,50,0.16,0.16,0.2,0.4,0.18
"1555","DIC",4,50,50,0.16,0.16,0.2,0.4,0
"1556","WAIC",4,50,50,0.16,0.16,0.2,0.4,0
"1557","LOO",4,50,50,0.16,0.16,0.2,0.4,0
"1558","DIC",5,50,50,0.16,0.16,0.2,0.4,0.25
"1559","WAIC",5,50,50,0.16,0.16,0.2,0.4,0.2
"1560","LOO",5,50,50,0.16,0.16,0.2,0.4,0.2
"1561","DIC",1,70,50,0.16,0.16,0.2,0.4,0.47
"1562","WAIC",1,70,50,0.16,0.16,0.2,0.4,0.68
"1563","LOO",1,70,50,0.16,0.16,0.2,0.4,0.7
"1564","DIC",2,70,50,0.16,0.16,0.2,0.4,0
"1565","WAIC",2,70,50,0.16,0.16,0.2,0.4,0
"1566","LOO",2,70,50,0.16,0.16,0.2,0.4,0
"1567","DIC",3,70,50,0.16,0.16,0.2,0.4,0.3
"1568","WAIC",3,70,50,0.16,0.16,0.2,0.4,0.16
"1569","LOO",3,70,50,0.16,0.16,0.2,0.4,0.15
"1570","DIC",4,70,50,0.16,0.16,0.2,0.4,0
"1571","WAIC",4,70,50,0.16,0.16,0.2,0.4,0
"1572","LOO",4,70,50,0.16,0.16,0.2,0.4,0
"1573","DIC",5,70,50,0.16,0.16,0.2,0.4,0.23
"1574","WAIC",5,70,50,0.16,0.16,0.2,0.4,0.16
"1575","LOO",5,70,50,0.16,0.16,0.2,0.4,0.15
"1576","DIC",1,20,100,0.16,0.16,0.2,0.4,0.53
"1577","WAIC",1,20,100,0.16,0.16,0.2,0.4,0.72
"1578","LOO",1,20,100,0.16,0.16,0.2,0.4,0.73
"1579","DIC",2,20,100,0.16,0.16,0.2,0.4,0
"1580","WAIC",2,20,100,0.16,0.16,0.2,0.4,0
"1581","LOO",2,20,100,0.16,0.16,0.2,0.4,0
"1582","DIC",3,20,100,0.16,0.16,0.2,0.4,0.22
"1583","WAIC",3,20,100,0.16,0.16,0.2,0.4,0.08
"1584","LOO",3,20,100,0.16,0.16,0.2,0.4,0.08
"1585","DIC",4,20,100,0.16,0.16,0.2,0.4,0
"1586","WAIC",4,20,100,0.16,0.16,0.2,0.4,0
"1587","LOO",4,20,100,0.16,0.16,0.2,0.4,0
"1588","DIC",5,20,100,0.16,0.16,0.2,0.4,0.25
"1589","WAIC",5,20,100,0.16,0.16,0.2,0.4,0.2
"1590","LOO",5,20,100,0.16,0.16,0.2,0.4,0.19
"1591","DIC",1,50,100,0.16,0.16,0.2,0.4,0.46
"1592","WAIC",1,50,100,0.16,0.16,0.2,0.4,0.66
"1593","LOO",1,50,100,0.16,0.16,0.2,0.4,0.66
"1594","DIC",2,50,100,0.16,0.16,0.2,0.4,0
"1595","WAIC",2,50,100,0.16,0.16,0.2,0.4,0
"1596","LOO",2,50,100,0.16,0.16,0.2,0.4,0
"1597","DIC",3,50,100,0.16,0.16,0.2,0.4,0.22
"1598","WAIC",3,50,100,0.16,0.16,0.2,0.4,0.14
"1599","LOO",3,50,100,0.16,0.16,0.2,0.4,0.14
"1600","DIC",4,50,100,0.16,0.16,0.2,0.4,0
"1601","WAIC",4,50,100,0.16,0.16,0.2,0.4,0
"1602","LOO",4,50,100,0.16,0.16,0.2,0.4,0
"1603","DIC",5,50,100,0.16,0.16,0.2,0.4,0.32
"1604","WAIC",5,50,100,0.16,0.16,0.2,0.4,0.2
"1605","LOO",5,50,100,0.16,0.16,0.2,0.4,0.2
"1606","DIC",1,70,100,0.16,0.16,0.2,0.4,0.47
"1607","WAIC",1,70,100,0.16,0.16,0.2,0.4,0.62
"1608","LOO",1,70,100,0.16,0.16,0.2,0.4,0.64
"1609","DIC",2,70,100,0.16,0.16,0.2,0.4,0
"1610","WAIC",2,70,100,0.16,0.16,0.2,0.4,0
"1611","LOO",2,70,100,0.16,0.16,0.2,0.4,0
"1612","DIC",3,70,100,0.16,0.16,0.2,0.4,0.26
"1613","WAIC",3,70,100,0.16,0.16,0.2,0.4,0.24
"1614","LOO",3,70,100,0.16,0.16,0.2,0.4,0.21
"1615","DIC",4,70,100,0.16,0.16,0.2,0.4,0
"1616","WAIC",4,70,100,0.16,0.16,0.2,0.4,0
"1617","LOO",4,70,100,0.16,0.16,0.2,0.4,0
"1618","DIC",5,70,100,0.16,0.16,0.2,0.4,0.27
"1619","WAIC",5,70,100,0.16,0.16,0.2,0.4,0.14
"1620","LOO",5,70,100,0.16,0.16,0.2,0.4,0.15
"1621","DIC",1,20,10,0.04,0.04,0.4,0.4,0.52
"1622","WAIC",1,20,10,0.04,0.04,0.4,0.4,0.51
"1623","LOO",1,20,10,0.04,0.04,0.4,0.4,0.45
"1624","DIC",2,20,10,0.04,0.04,0.4,0.4,0.25
"1625","WAIC",2,20,10,0.04,0.04,0.4,0.4,0.27
"1626","LOO",2,20,10,0.04,0.04,0.4,0.4,0.34
"1627","DIC",3,20,10,0.04,0.04,0.4,0.4,0.12
"1628","WAIC",3,20,10,0.04,0.04,0.4,0.4,0.12
"1629","LOO",3,20,10,0.04,0.04,0.4,0.4,0.11
"1630","DIC",4,20,10,0.04,0.04,0.4,0.4,0
"1631","WAIC",4,20,10,0.04,0.04,0.4,0.4,0
"1632","LOO",4,20,10,0.04,0.04,0.4,0.4,0
"1633","DIC",5,20,10,0.04,0.04,0.4,0.4,0.11
"1634","WAIC",5,20,10,0.04,0.04,0.4,0.4,0.1
"1635","LOO",5,20,10,0.04,0.04,0.4,0.4,0.1
"1636","DIC",1,50,10,0.04,0.04,0.4,0.4,0.47
"1637","WAIC",1,50,10,0.04,0.04,0.4,0.4,0.53
"1638","LOO",1,50,10,0.04,0.04,0.4,0.4,0.5
"1639","DIC",2,50,10,0.04,0.04,0.4,0.4,0.09
"1640","WAIC",2,50,10,0.04,0.04,0.4,0.4,0.13
"1641","LOO",2,50,10,0.04,0.04,0.4,0.4,0.17
"1642","DIC",3,50,10,0.04,0.04,0.4,0.4,0.26
"1643","WAIC",3,50,10,0.04,0.04,0.4,0.4,0.18
"1644","LOO",3,50,10,0.04,0.04,0.4,0.4,0.15
"1645","DIC",4,50,10,0.04,0.04,0.4,0.4,0
"1646","WAIC",4,50,10,0.04,0.04,0.4,0.4,0
"1647","LOO",4,50,10,0.04,0.04,0.4,0.4,0
"1648","DIC",5,50,10,0.04,0.04,0.4,0.4,0.18
"1649","WAIC",5,50,10,0.04,0.04,0.4,0.4,0.16
"1650","LOO",5,50,10,0.04,0.04,0.4,0.4,0.18
"1651","DIC",1,70,10,0.04,0.04,0.4,0.4,0.52
"1652","WAIC",1,70,10,0.04,0.04,0.4,0.4,0.55
"1653","LOO",1,70,10,0.04,0.04,0.4,0.4,0.6
"1654","DIC",2,70,10,0.04,0.04,0.4,0.4,0.07
"1655","WAIC",2,70,10,0.04,0.04,0.4,0.4,0.11
"1656","LOO",2,70,10,0.04,0.04,0.4,0.4,0.14
"1657","DIC",3,70,10,0.04,0.04,0.4,0.4,0.27
"1658","WAIC",3,70,10,0.04,0.04,0.4,0.4,0.2
"1659","LOO",3,70,10,0.04,0.04,0.4,0.4,0.13
"1660","DIC",4,70,10,0.04,0.04,0.4,0.4,0
"1661","WAIC",4,70,10,0.04,0.04,0.4,0.4,0
"1662","LOO",4,70,10,0.04,0.04,0.4,0.4,0
"1663","DIC",5,70,10,0.04,0.04,0.4,0.4,0.14
"1664","WAIC",5,70,10,0.04,0.04,0.4,0.4,0.14
"1665","LOO",5,70,10,0.04,0.04,0.4,0.4,0.13
"1666","DIC",1,20,50,0.04,0.04,0.4,0.4,0.51
"1667","WAIC",1,20,50,0.04,0.04,0.4,0.4,0.66
"1668","LOO",1,20,50,0.04,0.04,0.4,0.4,0.66
"1669","DIC",2,20,50,0.04,0.04,0.4,0.4,0.01
"1670","WAIC",2,20,50,0.04,0.04,0.4,0.4,0.01
"1671","LOO",2,20,50,0.04,0.04,0.4,0.4,0.01
"1672","DIC",3,20,50,0.04,0.04,0.4,0.4,0.23
"1673","WAIC",3,20,50,0.04,0.04,0.4,0.4,0.16
"1674","LOO",3,20,50,0.04,0.04,0.4,0.4,0.16
"1675","DIC",4,20,50,0.04,0.04,0.4,0.4,0
"1676","WAIC",4,20,50,0.04,0.04,0.4,0.4,0
"1677","LOO",4,20,50,0.04,0.04,0.4,0.4,0
"1678","DIC",5,20,50,0.04,0.04,0.4,0.4,0.25
"1679","WAIC",5,20,50,0.04,0.04,0.4,0.4,0.17
"1680","LOO",5,20,50,0.04,0.04,0.4,0.4,0.17
"1681","DIC",1,50,50,0.04,0.04,0.4,0.4,0.52
"1682","WAIC",1,50,50,0.04,0.04,0.4,0.4,0.63
"1683","LOO",1,50,50,0.04,0.04,0.4,0.4,0.63
"1684","DIC",2,50,50,0.04,0.04,0.4,0.4,0
"1685","WAIC",2,50,50,0.04,0.04,0.4,0.4,0
"1686","LOO",2,50,50,0.04,0.04,0.4,0.4,0
"1687","DIC",3,50,50,0.04,0.04,0.4,0.4,0.19
"1688","WAIC",3,50,50,0.04,0.04,0.4,0.4,0.09
"1689","LOO",3,50,50,0.04,0.04,0.4,0.4,0.09
"1690","DIC",4,50,50,0.04,0.04,0.4,0.4,0
"1691","WAIC",4,50,50,0.04,0.04,0.4,0.4,0
"1692","LOO",4,50,50,0.04,0.04,0.4,0.4,0
"1693","DIC",5,50,50,0.04,0.04,0.4,0.4,0.29
"1694","WAIC",5,50,50,0.04,0.04,0.4,0.4,0.28
"1695","LOO",5,50,50,0.04,0.04,0.4,0.4,0.28
"1696","DIC",1,70,50,0.04,0.04,0.4,0.4,0.39
"1697","WAIC",1,70,50,0.04,0.04,0.4,0.4,0.59
"1698","LOO",1,70,50,0.04,0.04,0.4,0.4,0.6
"1699","DIC",2,70,50,0.04,0.04,0.4,0.4,0
"1700","WAIC",2,70,50,0.04,0.04,0.4,0.4,0
"1701","LOO",2,70,50,0.04,0.04,0.4,0.4,0
"1702","DIC",3,70,50,0.04,0.04,0.4,0.4,0.3
"1703","WAIC",3,70,50,0.04,0.04,0.4,0.4,0.15
"1704","LOO",3,70,50,0.04,0.04,0.4,0.4,0.15
"1705","DIC",4,70,50,0.04,0.04,0.4,0.4,0
"1706","WAIC",4,70,50,0.04,0.04,0.4,0.4,0
"1707","LOO",4,70,50,0.04,0.04,0.4,0.4,0
"1708","DIC",5,70,50,0.04,0.04,0.4,0.4,0.31
"1709","WAIC",5,70,50,0.04,0.04,0.4,0.4,0.26
"1710","LOO",5,70,50,0.04,0.04,0.4,0.4,0.25
"1711","DIC",1,20,100,0.04,0.04,0.4,0.4,0.53
"1712","WAIC",1,20,100,0.04,0.04,0.4,0.4,0.78
"1713","LOO",1,20,100,0.04,0.04,0.4,0.4,0.78
"1714","DIC",2,20,100,0.04,0.04,0.4,0.4,0
"1715","WAIC",2,20,100,0.04,0.04,0.4,0.4,0
"1716","LOO",2,20,100,0.04,0.04,0.4,0.4,0
"1717","DIC",3,20,100,0.04,0.04,0.4,0.4,0.21
"1718","WAIC",3,20,100,0.04,0.04,0.4,0.4,0.12
"1719","LOO",3,20,100,0.04,0.04,0.4,0.4,0.12
"1720","DIC",4,20,100,0.04,0.04,0.4,0.4,0
"1721","WAIC",4,20,100,0.04,0.04,0.4,0.4,0
"1722","LOO",4,20,100,0.04,0.04,0.4,0.4,0
"1723","DIC",5,20,100,0.04,0.04,0.4,0.4,0.26
"1724","WAIC",5,20,100,0.04,0.04,0.4,0.4,0.1
"1725","LOO",5,20,100,0.04,0.04,0.4,0.4,0.1
"1726","DIC",1,50,100,0.04,0.04,0.4,0.4,0.52
"1727","WAIC",1,50,100,0.04,0.04,0.4,0.4,0.73
"1728","LOO",1,50,100,0.04,0.04,0.4,0.4,0.75
"1729","DIC",2,50,100,0.04,0.04,0.4,0.4,0
"1730","WAIC",2,50,100,0.04,0.04,0.4,0.4,0
"1731","LOO",2,50,100,0.04,0.04,0.4,0.4,0
"1732","DIC",3,50,100,0.04,0.04,0.4,0.4,0.19
"1733","WAIC",3,50,100,0.04,0.04,0.4,0.4,0.12
"1734","LOO",3,50,100,0.04,0.04,0.4,0.4,0.1
"1735","DIC",4,50,100,0.04,0.04,0.4,0.4,0
"1736","WAIC",4,50,100,0.04,0.04,0.4,0.4,0
"1737","LOO",4,50,100,0.04,0.04,0.4,0.4,0
"1738","DIC",5,50,100,0.04,0.04,0.4,0.4,0.29
"1739","WAIC",5,50,100,0.04,0.04,0.4,0.4,0.15
"1740","LOO",5,50,100,0.04,0.04,0.4,0.4,0.15
"1741","DIC",1,70,100,0.04,0.04,0.4,0.4,0.51
"1742","WAIC",1,70,100,0.04,0.04,0.4,0.4,0.68
"1743","LOO",1,70,100,0.04,0.04,0.4,0.4,0.68
"1744","DIC",2,70,100,0.04,0.04,0.4,0.4,0
"1745","WAIC",2,70,100,0.04,0.04,0.4,0.4,0
"1746","LOO",2,70,100,0.04,0.04,0.4,0.4,0
"1747","DIC",3,70,100,0.04,0.04,0.4,0.4,0.26
"1748","WAIC",3,70,100,0.04,0.04,0.4,0.4,0.14
"1749","LOO",3,70,100,0.04,0.04,0.4,0.4,0.14
"1750","DIC",4,70,100,0.04,0.04,0.4,0.4,0
"1751","WAIC",4,70,100,0.04,0.04,0.4,0.4,0
"1752","LOO",4,70,100,0.04,0.04,0.4,0.4,0
"1753","DIC",5,70,100,0.04,0.04,0.4,0.4,0.23
"1754","WAIC",5,70,100,0.04,0.04,0.4,0.4,0.18
"1755","LOO",5,70,100,0.04,0.04,0.4,0.4,0.18
"1756","DIC",1,20,10,0.16,0.04,0.4,0.4,0.41
"1757","WAIC",1,20,10,0.16,0.04,0.4,0.4,0.38
"1758","LOO",1,20,10,0.16,0.04,0.4,0.4,0.4
"1759","DIC",2,20,10,0.16,0.04,0.4,0.4,0.2
"1760","WAIC",2,20,10,0.16,0.04,0.4,0.4,0.22
"1761","LOO",2,20,10,0.16,0.04,0.4,0.4,0.29
"1762","DIC",3,20,10,0.16,0.04,0.4,0.4,0.24
"1763","WAIC",3,20,10,0.16,0.04,0.4,0.4,0.28
"1764","LOO",3,20,10,0.16,0.04,0.4,0.4,0.2
"1765","DIC",4,20,10,0.16,0.04,0.4,0.4,0
"1766","WAIC",4,20,10,0.16,0.04,0.4,0.4,0
"1767","LOO",4,20,10,0.16,0.04,0.4,0.4,0
"1768","DIC",5,20,10,0.16,0.04,0.4,0.4,0.15
"1769","WAIC",5,20,10,0.16,0.04,0.4,0.4,0.12
"1770","LOO",5,20,10,0.16,0.04,0.4,0.4,0.11
"1771","DIC",1,50,10,0.16,0.04,0.4,0.4,0.44
"1772","WAIC",1,50,10,0.16,0.04,0.4,0.4,0.51
"1773","LOO",1,50,10,0.16,0.04,0.4,0.4,0.55
"1774","DIC",2,50,10,0.16,0.04,0.4,0.4,0.04
"1775","WAIC",2,50,10,0.16,0.04,0.4,0.4,0.05
"1776","LOO",2,50,10,0.16,0.04,0.4,0.4,0.07
"1777","DIC",3,50,10,0.16,0.04,0.4,0.4,0.36
"1778","WAIC",3,50,10,0.16,0.04,0.4,0.4,0.27
"1779","LOO",3,50,10,0.16,0.04,0.4,0.4,0.22
"1780","DIC",4,50,10,0.16,0.04,0.4,0.4,0
"1781","WAIC",4,50,10,0.16,0.04,0.4,0.4,0
"1782","LOO",4,50,10,0.16,0.04,0.4,0.4,0
"1783","DIC",5,50,10,0.16,0.04,0.4,0.4,0.16
"1784","WAIC",5,50,10,0.16,0.04,0.4,0.4,0.17
"1785","LOO",5,50,10,0.16,0.04,0.4,0.4,0.16
"1786","DIC",1,70,10,0.16,0.04,0.4,0.4,0.47
"1787","WAIC",1,70,10,0.16,0.04,0.4,0.4,0.53
"1788","LOO",1,70,10,0.16,0.04,0.4,0.4,0.61
"1789","DIC",2,70,10,0.16,0.04,0.4,0.4,0.01
"1790","WAIC",2,70,10,0.16,0.04,0.4,0.4,0
"1791","LOO",2,70,10,0.16,0.04,0.4,0.4,0.02
"1792","DIC",3,70,10,0.16,0.04,0.4,0.4,0.29
"1793","WAIC",3,70,10,0.16,0.04,0.4,0.4,0.24
"1794","LOO",3,70,10,0.16,0.04,0.4,0.4,0.14
"1795","DIC",4,70,10,0.16,0.04,0.4,0.4,0
"1796","WAIC",4,70,10,0.16,0.04,0.4,0.4,0
"1797","LOO",4,70,10,0.16,0.04,0.4,0.4,0
"1798","DIC",5,70,10,0.16,0.04,0.4,0.4,0.23
"1799","WAIC",5,70,10,0.16,0.04,0.4,0.4,0.23
"1800","LOO",5,70,10,0.16,0.04,0.4,0.4,0.23
"1801","DIC",1,20,50,0.16,0.04,0.4,0.4,0.62
"1802","WAIC",1,20,50,0.16,0.04,0.4,0.4,0.64
"1803","LOO",1,20,50,0.16,0.04,0.4,0.4,0.64
"1804","DIC",2,20,50,0.16,0.04,0.4,0.4,0.01
"1805","WAIC",2,20,50,0.16,0.04,0.4,0.4,0
"1806","LOO",2,20,50,0.16,0.04,0.4,0.4,0
"1807","DIC",3,20,50,0.16,0.04,0.4,0.4,0.22
"1808","WAIC",3,20,50,0.16,0.04,0.4,0.4,0.17
"1809","LOO",3,20,50,0.16,0.04,0.4,0.4,0.17
"1810","DIC",4,20,50,0.16,0.04,0.4,0.4,0
"1811","WAIC",4,20,50,0.16,0.04,0.4,0.4,0
"1812","LOO",4,20,50,0.16,0.04,0.4,0.4,0
"1813","DIC",5,20,50,0.16,0.04,0.4,0.4,0.15
"1814","WAIC",5,20,50,0.16,0.04,0.4,0.4,0.19
"1815","LOO",5,20,50,0.16,0.04,0.4,0.4,0.19
"1816","DIC",1,50,50,0.16,0.04,0.4,0.4,0.48
"1817","WAIC",1,50,50,0.16,0.04,0.4,0.4,0.63
"1818","LOO",1,50,50,0.16,0.04,0.4,0.4,0.64
"1819","DIC",2,50,50,0.16,0.04,0.4,0.4,0
"1820","WAIC",2,50,50,0.16,0.04,0.4,0.4,0
"1821","LOO",2,50,50,0.16,0.04,0.4,0.4,0
"1822","DIC",3,50,50,0.16,0.04,0.4,0.4,0.29
"1823","WAIC",3,50,50,0.16,0.04,0.4,0.4,0.19
"1824","LOO",3,50,50,0.16,0.04,0.4,0.4,0.17
"1825","DIC",4,50,50,0.16,0.04,0.4,0.4,0
"1826","WAIC",4,50,50,0.16,0.04,0.4,0.4,0
"1827","LOO",4,50,50,0.16,0.04,0.4,0.4,0
"1828","DIC",5,50,50,0.16,0.04,0.4,0.4,0.23
"1829","WAIC",5,50,50,0.16,0.04,0.4,0.4,0.18
"1830","LOO",5,50,50,0.16,0.04,0.4,0.4,0.19
"1831","DIC",1,70,50,0.16,0.04,0.4,0.4,0.47
"1832","WAIC",1,70,50,0.16,0.04,0.4,0.4,0.66
"1833","LOO",1,70,50,0.16,0.04,0.4,0.4,0.69
"1834","DIC",2,70,50,0.16,0.04,0.4,0.4,0
"1835","WAIC",2,70,50,0.16,0.04,0.4,0.4,0
"1836","LOO",2,70,50,0.16,0.04,0.4,0.4,0
"1837","DIC",3,70,50,0.16,0.04,0.4,0.4,0.24
"1838","WAIC",3,70,50,0.16,0.04,0.4,0.4,0.16
"1839","LOO",3,70,50,0.16,0.04,0.4,0.4,0.14
"1840","DIC",4,70,50,0.16,0.04,0.4,0.4,0
"1841","WAIC",4,70,50,0.16,0.04,0.4,0.4,0
"1842","LOO",4,70,50,0.16,0.04,0.4,0.4,0
"1843","DIC",5,70,50,0.16,0.04,0.4,0.4,0.29
"1844","WAIC",5,70,50,0.16,0.04,0.4,0.4,0.18
"1845","LOO",5,70,50,0.16,0.04,0.4,0.4,0.17
"1846","DIC",1,20,100,0.16,0.04,0.4,0.4,0.5
"1847","WAIC",1,20,100,0.16,0.04,0.4,0.4,0.71
"1848","LOO",1,20,100,0.16,0.04,0.4,0.4,0.71
"1849","DIC",2,20,100,0.16,0.04,0.4,0.4,0
"1850","WAIC",2,20,100,0.16,0.04,0.4,0.4,0
"1851","LOO",2,20,100,0.16,0.04,0.4,0.4,0
"1852","DIC",3,20,100,0.16,0.04,0.4,0.4,0.29
"1853","WAIC",3,20,100,0.16,0.04,0.4,0.4,0.16
"1854","LOO",3,20,100,0.16,0.04,0.4,0.4,0.15
"1855","DIC",4,20,100,0.16,0.04,0.4,0.4,0
"1856","WAIC",4,20,100,0.16,0.04,0.4,0.4,0
"1857","LOO",4,20,100,0.16,0.04,0.4,0.4,0
"1858","DIC",5,20,100,0.16,0.04,0.4,0.4,0.21
"1859","WAIC",5,20,100,0.16,0.04,0.4,0.4,0.13
"1860","LOO",5,20,100,0.16,0.04,0.4,0.4,0.14
"1861","DIC",1,50,100,0.16,0.04,0.4,0.4,0.41
"1862","WAIC",1,50,100,0.16,0.04,0.4,0.4,0.71
"1863","LOO",1,50,100,0.16,0.04,0.4,0.4,0.71
"1864","DIC",2,50,100,0.16,0.04,0.4,0.4,0
"1865","WAIC",2,50,100,0.16,0.04,0.4,0.4,0
"1866","LOO",2,50,100,0.16,0.04,0.4,0.4,0
"1867","DIC",3,50,100,0.16,0.04,0.4,0.4,0.29
"1868","WAIC",3,50,100,0.16,0.04,0.4,0.4,0.17
"1869","LOO",3,50,100,0.16,0.04,0.4,0.4,0.17
"1870","DIC",4,50,100,0.16,0.04,0.4,0.4,0
"1871","WAIC",4,50,100,0.16,0.04,0.4,0.4,0
"1872","LOO",4,50,100,0.16,0.04,0.4,0.4,0
"1873","DIC",5,50,100,0.16,0.04,0.4,0.4,0.3
"1874","WAIC",5,50,100,0.16,0.04,0.4,0.4,0.12
"1875","LOO",5,50,100,0.16,0.04,0.4,0.4,0.12
"1876","DIC",1,70,100,0.16,0.04,0.4,0.4,0.41
"1877","WAIC",1,70,100,0.16,0.04,0.4,0.4,0.54
"1878","LOO",1,70,100,0.16,0.04,0.4,0.4,0.54
"1879","DIC",2,70,100,0.16,0.04,0.4,0.4,0
"1880","WAIC",2,70,100,0.16,0.04,0.4,0.4,0
"1881","LOO",2,70,100,0.16,0.04,0.4,0.4,0
"1882","DIC",3,70,100,0.16,0.04,0.4,0.4,0.33
"1883","WAIC",3,70,100,0.16,0.04,0.4,0.4,0.27
"1884","LOO",3,70,100,0.16,0.04,0.4,0.4,0.27
"1885","DIC",4,70,100,0.16,0.04,0.4,0.4,0
"1886","WAIC",4,70,100,0.16,0.04,0.4,0.4,0
"1887","LOO",4,70,100,0.16,0.04,0.4,0.4,0
"1888","DIC",5,70,100,0.16,0.04,0.4,0.4,0.26
"1889","WAIC",5,70,100,0.16,0.04,0.4,0.4,0.19
"1890","LOO",5,70,100,0.16,0.04,0.4,0.4,0.19
"1891","DIC",1,20,10,0.04,0.16,0.4,0.4,0.63
"1892","WAIC",1,20,10,0.04,0.16,0.4,0.4,0.66
"1893","LOO",1,20,10,0.04,0.16,0.4,0.4,0.73
"1894","DIC",2,20,10,0.04,0.16,0.4,0.4,0
"1895","WAIC",2,20,10,0.04,0.16,0.4,0.4,0
"1896","LOO",2,20,10,0.04,0.16,0.4,0.4,0
"1897","DIC",3,20,10,0.04,0.16,0.4,0.4,0.23
"1898","WAIC",3,20,10,0.04,0.16,0.4,0.4,0.2
"1899","LOO",3,20,10,0.04,0.16,0.4,0.4,0.12
"1900","DIC",4,20,10,0.04,0.16,0.4,0.4,0
"1901","WAIC",4,20,10,0.04,0.16,0.4,0.4,0
"1902","LOO",4,20,10,0.04,0.16,0.4,0.4,0
"1903","DIC",5,20,10,0.04,0.16,0.4,0.4,0.14
"1904","WAIC",5,20,10,0.04,0.16,0.4,0.4,0.14
"1905","LOO",5,20,10,0.04,0.16,0.4,0.4,0.15
"1906","DIC",1,50,10,0.04,0.16,0.4,0.4,0.37
"1907","WAIC",1,50,10,0.04,0.16,0.4,0.4,0.42
"1908","LOO",1,50,10,0.04,0.16,0.4,0.4,0.52
"1909","DIC",2,50,10,0.04,0.16,0.4,0.4,0
"1910","WAIC",2,50,10,0.04,0.16,0.4,0.4,0
"1911","LOO",2,50,10,0.04,0.16,0.4,0.4,0
"1912","DIC",3,50,10,0.04,0.16,0.4,0.4,0.38
"1913","WAIC",3,50,10,0.04,0.16,0.4,0.4,0.33
"1914","LOO",3,50,10,0.04,0.16,0.4,0.4,0.23
"1915","DIC",4,50,10,0.04,0.16,0.4,0.4,0
"1916","WAIC",4,50,10,0.04,0.16,0.4,0.4,0
"1917","LOO",4,50,10,0.04,0.16,0.4,0.4,0
"1918","DIC",5,50,10,0.04,0.16,0.4,0.4,0.25
"1919","WAIC",5,50,10,0.04,0.16,0.4,0.4,0.25
"1920","LOO",5,50,10,0.04,0.16,0.4,0.4,0.25
"1921","DIC",1,70,10,0.04,0.16,0.4,0.4,0.46
"1922","WAIC",1,70,10,0.04,0.16,0.4,0.4,0.58
"1923","LOO",1,70,10,0.04,0.16,0.4,0.4,0.61
"1924","DIC",2,70,10,0.04,0.16,0.4,0.4,0
"1925","WAIC",2,70,10,0.04,0.16,0.4,0.4,0
"1926","LOO",2,70,10,0.04,0.16,0.4,0.4,0
"1927","DIC",3,70,10,0.04,0.16,0.4,0.4,0.3
"1928","WAIC",3,70,10,0.04,0.16,0.4,0.4,0.22
"1929","LOO",3,70,10,0.04,0.16,0.4,0.4,0.19
"1930","DIC",4,70,10,0.04,0.16,0.4,0.4,0
"1931","WAIC",4,70,10,0.04,0.16,0.4,0.4,0
"1932","LOO",4,70,10,0.04,0.16,0.4,0.4,0
"1933","DIC",5,70,10,0.04,0.16,0.4,0.4,0.24
"1934","WAIC",5,70,10,0.04,0.16,0.4,0.4,0.2
"1935","LOO",5,70,10,0.04,0.16,0.4,0.4,0.2
"1936","DIC",1,20,50,0.04,0.16,0.4,0.4,0.56
"1937","WAIC",1,20,50,0.04,0.16,0.4,0.4,0.7
"1938","LOO",1,20,50,0.04,0.16,0.4,0.4,0.7
"1939","DIC",2,20,50,0.04,0.16,0.4,0.4,0
"1940","WAIC",2,20,50,0.04,0.16,0.4,0.4,0
"1941","LOO",2,20,50,0.04,0.16,0.4,0.4,0
"1942","DIC",3,20,50,0.04,0.16,0.4,0.4,0.24
"1943","WAIC",3,20,50,0.04,0.16,0.4,0.4,0.17
"1944","LOO",3,20,50,0.04,0.16,0.4,0.4,0.17
"1945","DIC",4,20,50,0.04,0.16,0.4,0.4,0
"1946","WAIC",4,20,50,0.04,0.16,0.4,0.4,0
"1947","LOO",4,20,50,0.04,0.16,0.4,0.4,0
"1948","DIC",5,20,50,0.04,0.16,0.4,0.4,0.2
"1949","WAIC",5,20,50,0.04,0.16,0.4,0.4,0.13
"1950","LOO",5,20,50,0.04,0.16,0.4,0.4,0.13
"1951","DIC",1,50,50,0.04,0.16,0.4,0.4,0.49
"1952","WAIC",1,50,50,0.04,0.16,0.4,0.4,0.69
"1953","LOO",1,50,50,0.04,0.16,0.4,0.4,0.69
"1954","DIC",2,50,50,0.04,0.16,0.4,0.4,0
"1955","WAIC",2,50,50,0.04,0.16,0.4,0.4,0
"1956","LOO",2,50,50,0.04,0.16,0.4,0.4,0
"1957","DIC",3,50,50,0.04,0.16,0.4,0.4,0.21
"1958","WAIC",3,50,50,0.04,0.16,0.4,0.4,0.13
"1959","LOO",3,50,50,0.04,0.16,0.4,0.4,0.13
"1960","DIC",4,50,50,0.04,0.16,0.4,0.4,0
"1961","WAIC",4,50,50,0.04,0.16,0.4,0.4,0
"1962","LOO",4,50,50,0.04,0.16,0.4,0.4,0
"1963","DIC",5,50,50,0.04,0.16,0.4,0.4,0.3
"1964","WAIC",5,50,50,0.04,0.16,0.4,0.4,0.18
"1965","LOO",5,50,50,0.04,0.16,0.4,0.4,0.18
"1966","DIC",1,70,50,0.04,0.16,0.4,0.4,0.46
"1967","WAIC",1,70,50,0.04,0.16,0.4,0.4,0.65
"1968","LOO",1,70,50,0.04,0.16,0.4,0.4,0.64
"1969","DIC",2,70,50,0.04,0.16,0.4,0.4,0
"1970","WAIC",2,70,50,0.04,0.16,0.4,0.4,0
"1971","LOO",2,70,50,0.04,0.16,0.4,0.4,0
"1972","DIC",3,70,50,0.04,0.16,0.4,0.4,0.24
"1973","WAIC",3,70,50,0.04,0.16,0.4,0.4,0.21
"1974","LOO",3,70,50,0.04,0.16,0.4,0.4,0.18
"1975","DIC",4,70,50,0.04,0.16,0.4,0.4,0
"1976","WAIC",4,70,50,0.04,0.16,0.4,0.4,0
"1977","LOO",4,70,50,0.04,0.16,0.4,0.4,0
"1978","DIC",5,70,50,0.04,0.16,0.4,0.4,0.3
"1979","WAIC",5,70,50,0.04,0.16,0.4,0.4,0.14
"1980","LOO",5,70,50,0.04,0.16,0.4,0.4,0.18
"1981","DIC",1,20,100,0.04,0.16,0.4,0.4,0.55
"1982","WAIC",1,20,100,0.04,0.16,0.4,0.4,0.76
"1983","LOO",1,20,100,0.04,0.16,0.4,0.4,0.79
"1984","DIC",2,20,100,0.04,0.16,0.4,0.4,0
"1985","WAIC",2,20,100,0.04,0.16,0.4,0.4,0
"1986","LOO",2,20,100,0.04,0.16,0.4,0.4,0
"1987","DIC",3,20,100,0.04,0.16,0.4,0.4,0.26
"1988","WAIC",3,20,100,0.04,0.16,0.4,0.4,0.15
"1989","LOO",3,20,100,0.04,0.16,0.4,0.4,0.12
"1990","DIC",4,20,100,0.04,0.16,0.4,0.4,0
"1991","WAIC",4,20,100,0.04,0.16,0.4,0.4,0
"1992","LOO",4,20,100,0.04,0.16,0.4,0.4,0
"1993","DIC",5,20,100,0.04,0.16,0.4,0.4,0.19
"1994","WAIC",5,20,100,0.04,0.16,0.4,0.4,0.09
"1995","LOO",5,20,100,0.04,0.16,0.4,0.4,0.09
"1996","DIC",1,50,100,0.04,0.16,0.4,0.4,0.46
"1997","WAIC",1,50,100,0.04,0.16,0.4,0.4,0.63
"1998","LOO",1,50,100,0.04,0.16,0.4,0.4,0.63
"1999","DIC",2,50,100,0.04,0.16,0.4,0.4,0
"2000","WAIC",2,50,100,0.04,0.16,0.4,0.4,0
"2001","LOO",2,50,100,0.04,0.16,0.4,0.4,0
"2002","DIC",3,50,100,0.04,0.16,0.4,0.4,0.29
"2003","WAIC",3,50,100,0.04,0.16,0.4,0.4,0.18
"2004","LOO",3,50,100,0.04,0.16,0.4,0.4,0.18
"2005","DIC",4,50,100,0.04,0.16,0.4,0.4,0
"2006","WAIC",4,50,100,0.04,0.16,0.4,0.4,0
"2007","LOO",4,50,100,0.04,0.16,0.4,0.4,0
"2008","DIC",5,50,100,0.04,0.16,0.4,0.4,0.25
"2009","WAIC",5,50,100,0.04,0.16,0.4,0.4,0.19
"2010","LOO",5,50,100,0.04,0.16,0.4,0.4,0.19
"2011","DIC",1,70,100,0.04,0.16,0.4,0.4,0.41
"2012","WAIC",1,70,100,0.04,0.16,0.4,0.4,0.59
"2013","LOO",1,70,100,0.04,0.16,0.4,0.4,0.6
"2014","DIC",2,70,100,0.04,0.16,0.4,0.4,0
"2015","WAIC",2,70,100,0.04,0.16,0.4,0.4,0
"2016","LOO",2,70,100,0.04,0.16,0.4,0.4,0
"2017","DIC",3,70,100,0.04,0.16,0.4,0.4,0.26
"2018","WAIC",3,70,100,0.04,0.16,0.4,0.4,0.23
"2019","LOO",3,70,100,0.04,0.16,0.4,0.4,0.21
"2020","DIC",4,70,100,0.04,0.16,0.4,0.4,0
"2021","WAIC",4,70,100,0.04,0.16,0.4,0.4,0
"2022","LOO",4,70,100,0.04,0.16,0.4,0.4,0
"2023","DIC",5,70,100,0.04,0.16,0.4,0.4,0.33
"2024","WAIC",5,70,100,0.04,0.16,0.4,0.4,0.18
"2025","LOO",5,70,100,0.04,0.16,0.4,0.4,0.19
"2026","DIC",1,20,10,0.16,0.16,0.4,0.4,0.54
"2027","WAIC",1,20,10,0.16,0.16,0.4,0.4,0.52
"2028","LOO",1,20,10,0.16,0.16,0.4,0.4,0.62
"2029","DIC",2,20,10,0.16,0.16,0.4,0.4,0
"2030","WAIC",2,20,10,0.16,0.16,0.4,0.4,0
"2031","LOO",2,20,10,0.16,0.16,0.4,0.4,0
"2032","DIC",3,20,10,0.16,0.16,0.4,0.4,0.33
"2033","WAIC",3,20,10,0.16,0.16,0.4,0.4,0.35
"2034","LOO",3,20,10,0.16,0.16,0.4,0.4,0.24
"2035","DIC",4,20,10,0.16,0.16,0.4,0.4,0
"2036","WAIC",4,20,10,0.16,0.16,0.4,0.4,0
"2037","LOO",4,20,10,0.16,0.16,0.4,0.4,0
"2038","DIC",5,20,10,0.16,0.16,0.4,0.4,0.13
"2039","WAIC",5,20,10,0.16,0.16,0.4,0.4,0.13
"2040","LOO",5,20,10,0.16,0.16,0.4,0.4,0.14
"2041","DIC",1,50,10,0.16,0.16,0.4,0.4,0.51
"2042","WAIC",1,50,10,0.16,0.16,0.4,0.4,0.57
"2043","LOO",1,50,10,0.16,0.16,0.4,0.4,0.6
"2044","DIC",2,50,10,0.16,0.16,0.4,0.4,0
"2045","WAIC",2,50,10,0.16,0.16,0.4,0.4,0
"2046","LOO",2,50,10,0.16,0.16,0.4,0.4,0
"2047","DIC",3,50,10,0.16,0.16,0.4,0.4,0.28
"2048","WAIC",3,50,10,0.16,0.16,0.4,0.4,0.25
"2049","LOO",3,50,10,0.16,0.16,0.4,0.4,0.21
"2050","DIC",4,50,10,0.16,0.16,0.4,0.4,0
"2051","WAIC",4,50,10,0.16,0.16,0.4,0.4,0
"2052","LOO",4,50,10,0.16,0.16,0.4,0.4,0
"2053","DIC",5,50,10,0.16,0.16,0.4,0.4,0.21
"2054","WAIC",5,50,10,0.16,0.16,0.4,0.4,0.18
"2055","LOO",5,50,10,0.16,0.16,0.4,0.4,0.19
"2056","DIC",1,70,10,0.16,0.16,0.4,0.4,0.46
"2057","WAIC",1,70,10,0.16,0.16,0.4,0.4,0.49
"2058","LOO",1,70,10,0.16,0.16,0.4,0.4,0.52
"2059","DIC",2,70,10,0.16,0.16,0.4,0.4,0
"2060","WAIC",2,70,10,0.16,0.16,0.4,0.4,0
"2061","LOO",2,70,10,0.16,0.16,0.4,0.4,0
"2062","DIC",3,70,10,0.16,0.16,0.4,0.4,0.33
"2063","WAIC",3,70,10,0.16,0.16,0.4,0.4,0.26
"2064","LOO",3,70,10,0.16,0.16,0.4,0.4,0.2
"2065","DIC",4,70,10,0.16,0.16,0.4,0.4,0
"2066","WAIC",4,70,10,0.16,0.16,0.4,0.4,0
"2067","LOO",4,70,10,0.16,0.16,0.4,0.4,0
"2068","DIC",5,70,10,0.16,0.16,0.4,0.4,0.21
"2069","WAIC",5,70,10,0.16,0.16,0.4,0.4,0.25
"2070","LOO",5,70,10,0.16,0.16,0.4,0.4,0.28
"2071","DIC",1,20,50,0.16,0.16,0.4,0.4,0.59
"2072","WAIC",1,20,50,0.16,0.16,0.4,0.4,0.67
"2073","LOO",1,20,50,0.16,0.16,0.4,0.4,0.7
"2074","DIC",2,20,50,0.16,0.16,0.4,0.4,0
"2075","WAIC",2,20,50,0.16,0.16,0.4,0.4,0
"2076","LOO",2,20,50,0.16,0.16,0.4,0.4,0
"2077","DIC",3,20,50,0.16,0.16,0.4,0.4,0.19
"2078","WAIC",3,20,50,0.16,0.16,0.4,0.4,0.17
"2079","LOO",3,20,50,0.16,0.16,0.4,0.4,0.14
"2080","DIC",4,20,50,0.16,0.16,0.4,0.4,0
"2081","WAIC",4,20,50,0.16,0.16,0.4,0.4,0
"2082","LOO",4,20,50,0.16,0.16,0.4,0.4,0
"2083","DIC",5,20,50,0.16,0.16,0.4,0.4,0.22
"2084","WAIC",5,20,50,0.16,0.16,0.4,0.4,0.16
"2085","LOO",5,20,50,0.16,0.16,0.4,0.4,0.16
"2086","DIC",1,50,50,0.16,0.16,0.4,0.4,0.54
"2087","WAIC",1,50,50,0.16,0.16,0.4,0.4,0.69
"2088","LOO",1,50,50,0.16,0.16,0.4,0.4,0.72
"2089","DIC",2,50,50,0.16,0.16,0.4,0.4,0
"2090","WAIC",2,50,50,0.16,0.16,0.4,0.4,0
"2091","LOO",2,50,50,0.16,0.16,0.4,0.4,0
"2092","DIC",3,50,50,0.16,0.16,0.4,0.4,0.27
"2093","WAIC",3,50,50,0.16,0.16,0.4,0.4,0.13
"2094","LOO",3,50,50,0.16,0.16,0.4,0.4,0.11
"2095","DIC",4,50,50,0.16,0.16,0.4,0.4,0
"2096","WAIC",4,50,50,0.16,0.16,0.4,0.4,0
"2097","LOO",4,50,50,0.16,0.16,0.4,0.4,0
"2098","DIC",5,50,50,0.16,0.16,0.4,0.4,0.19
"2099","WAIC",5,50,50,0.16,0.16,0.4,0.4,0.18
"2100","LOO",5,50,50,0.16,0.16,0.4,0.4,0.17
"2101","DIC",1,70,50,0.16,0.16,0.4,0.4,0.42
"2102","WAIC",1,70,50,0.16,0.16,0.4,0.4,0.62
"2103","LOO",1,70,50,0.16,0.16,0.4,0.4,0.64
"2104","DIC",2,70,50,0.16,0.16,0.4,0.4,0
"2105","WAIC",2,70,50,0.16,0.16,0.4,0.4,0
"2106","LOO",2,70,50,0.16,0.16,0.4,0.4,0
"2107","DIC",3,70,50,0.16,0.16,0.4,0.4,0.31
"2108","WAIC",3,70,50,0.16,0.16,0.4,0.4,0.16
"2109","LOO",3,70,50,0.16,0.16,0.4,0.4,0.14
"2110","DIC",4,70,50,0.16,0.16,0.4,0.4,0
"2111","WAIC",4,70,50,0.16,0.16,0.4,0.4,0
"2112","LOO",4,70,50,0.16,0.16,0.4,0.4,0
"2113","DIC",5,70,50,0.16,0.16,0.4,0.4,0.27
"2114","WAIC",5,70,50,0.16,0.16,0.4,0.4,0.22
"2115","LOO",5,70,50,0.16,0.16,0.4,0.4,0.22
"2116","DIC",1,20,100,0.16,0.16,0.4,0.4,0.43
"2117","WAIC",1,20,100,0.16,0.16,0.4,0.4,0.67
"2118","LOO",1,20,100,0.16,0.16,0.4,0.4,0.69
"2119","DIC",2,20,100,0.16,0.16,0.4,0.4,0
"2120","WAIC",2,20,100,0.16,0.16,0.4,0.4,0
"2121","LOO",2,20,100,0.16,0.16,0.4,0.4,0
"2122","DIC",3,20,100,0.16,0.16,0.4,0.4,0.29
"2123","WAIC",3,20,100,0.16,0.16,0.4,0.4,0.19
"2124","LOO",3,20,100,0.16,0.16,0.4,0.4,0.16
"2125","DIC",4,20,100,0.16,0.16,0.4,0.4,0
"2126","WAIC",4,20,100,0.16,0.16,0.4,0.4,0
"2127","LOO",4,20,100,0.16,0.16,0.4,0.4,0
"2128","DIC",5,20,100,0.16,0.16,0.4,0.4,0.28
"2129","WAIC",5,20,100,0.16,0.16,0.4,0.4,0.14
"2130","LOO",5,20,100,0.16,0.16,0.4,0.4,0.15
"2131","DIC",1,50,100,0.16,0.16,0.4,0.4,0.43
"2132","WAIC",1,50,100,0.16,0.16,0.4,0.4,0.55
"2133","LOO",1,50,100,0.16,0.16,0.4,0.4,0.56
"2134","DIC",2,50,100,0.16,0.16,0.4,0.4,0
"2135","WAIC",2,50,100,0.16,0.16,0.4,0.4,0
"2136","LOO",2,50,100,0.16,0.16,0.4,0.4,0
"2137","DIC",3,50,100,0.16,0.16,0.4,0.4,0.37
"2138","WAIC",3,50,100,0.16,0.16,0.4,0.4,0.27
"2139","LOO",3,50,100,0.16,0.16,0.4,0.4,0.26
"2140","DIC",4,50,100,0.16,0.16,0.4,0.4,0
"2141","WAIC",4,50,100,0.16,0.16,0.4,0.4,0
"2142","LOO",4,50,100,0.16,0.16,0.4,0.4,0
"2143","DIC",5,50,100,0.16,0.16,0.4,0.4,0.2
"2144","WAIC",5,50,100,0.16,0.16,0.4,0.4,0.18
"2145","LOO",5,50,100,0.16,0.16,0.4,0.4,0.18
"2146","DIC",1,70,100,0.16,0.16,0.4,0.4,0.39
"2147","WAIC",1,70,100,0.16,0.16,0.4,0.4,0.62
"2148","LOO",1,70,100,0.16,0.16,0.4,0.4,0.62
"2149","DIC",2,70,100,0.16,0.16,0.4,0.4,0
"2150","WAIC",2,70,100,0.16,0.16,0.4,0.4,0
"2151","LOO",2,70,100,0.16,0.16,0.4,0.4,0
"2152","DIC",3,70,100,0.16,0.16,0.4,0.4,0.26
"2153","WAIC",3,70,100,0.16,0.16,0.4,0.4,0.13
"2154","LOO",3,70,100,0.16,0.16,0.4,0.4,0.13
"2155","DIC",4,70,100,0.16,0.16,0.4,0.4,0
"2156","WAIC",4,70,100,0.16,0.16,0.4,0.4,0
"2157","LOO",4,70,100,0.16,0.16,0.4,0.4,0
"2158","DIC",5,70,100,0.16,0.16,0.4,0.4,0.35
"2159","WAIC",5,70,100,0.16,0.16,0.4,0.4,0.25
"2160","LOO",5,70,100,0.16,0.16,0.4,0.4,0.25
